Country Origin Name,Country Origin Code,Migration by Gender Name,Migration by Gender Code,Country Dest Name,Country Dest Code,2000 [2000]
Ukraine,UKR,Total,TOT,Algeria,DZA,2
Ukraine,UKR,Total,TOT,Afghanistan,AFG,2
Ukraine,UKR,Total,TOT,Albania,ALB,71
Ukraine,UKR,Total,TOT,American Samoa,ASM,1
Ukraine,UKR,Total,TOT,Andorra,AND,10
Ukraine,UKR,Total,TOT,Angola,AGO,14
Ukraine,UKR,Total,TOT,Anguilla,AIA,0
Ukraine,UKR,Total,TOT,Antigua and Barbuda,ATG,24
Ukraine,UKR,Total,TOT,Argentina,ARG,9498
Ukraine,UKR,Total,TOT,Armenia,ARM,4295
Ukraine,UKR,Total,TOT,Aruba,ABW,1
Ukraine,UKR,Total,TOT,Australia,AUS,13931
Ukraine,UKR,Total,TOT,Austria,AUT,2534
Ukraine,UKR,Total,TOT,Azerbaijan,AZE,20764
Ukraine,UKR,Total,TOT,"Bahamas, The",BHS,0
Ukraine,UKR,Total,TOT,Bahrain,BHR,2
Ukraine,UKR,Total,TOT,Bangladesh,BGD,9
Ukraine,UKR,Total,TOT,Barbados,BRB,4
Ukraine,UKR,Total,TOT,Belarus,BLR,187293
Ukraine,UKR,Total,TOT,Belgium,BEL,540
Ukraine,UKR,Total,TOT,Belize,BLZ,14
Ukraine,UKR,Total,TOT,Benin,BEN,6
Ukraine,UKR,Total,TOT,Bermuda,BMU,60
Ukraine,UKR,Total,TOT,Bhutan,BTN,0
Ukraine,UKR,Total,TOT,Bolivia,BOL,206
Ukraine,UKR,Total,TOT,Bosnia and Herzegovina,BIH,20
Ukraine,UKR,Total,TOT,Botswana,BWA,27
Ukraine,UKR,Total,TOT,Brazil,BRA,152
Ukraine,UKR,Total,TOT,Brunei Darussalam,BRN,0
Ukraine,UKR,Total,TOT,Bulgaria,BGR,7794
Ukraine,UKR,Total,TOT,Burkina Faso,BFA,12
Ukraine,UKR,Total,TOT,Burundi,BDI,0
Ukraine,UKR,Total,TOT,Cambodia,KHM,24
Ukraine,UKR,Total,TOT,Cameroon,CMR,0
Ukraine,UKR,Total,TOT,Canada,CAN,53801
Ukraine,UKR,Total,TOT,Cape Verde,CPV,2
Ukraine,UKR,Total,TOT,Cayman Islands,CYM,4
Ukraine,UKR,Total,TOT,Central African Republic,CAF,1
Ukraine,UKR,Total,TOT,Chad,TCD,0
Ukraine,UKR,Total,TOT,Channel Islands,CHI,..
Ukraine,UKR,Total,TOT,Chile,CHL,157
Ukraine,UKR,Total,TOT,China,CHN,66
Ukraine,UKR,Total,TOT,Colombia,COL,199
Ukraine,UKR,Total,TOT,Comoros,COM,0
Ukraine,UKR,Total,TOT,"Congo, Dem. Rep.",COD,66
Ukraine,UKR,Total,TOT,"Congo, Rep.",COG,28
Ukraine,UKR,Total,TOT,Cook Islands,COK,3
Ukraine,UKR,Total,TOT,Costa Rica,CRI,117
Ukraine,UKR,Total,TOT,Cote d'Ivoire,CIV,11
Ukraine,UKR,Total,TOT,Croatia,HRV,3925
Ukraine,UKR,Total,TOT,Cuba,CUB,666
Ukraine,UKR,Total,TOT,Cyprus,CYP,1501
Ukraine,UKR,Total,TOT,Czech Republic,CZE,33595
Ukraine,UKR,Total,TOT,Denmark,DNK,1056
Ukraine,UKR,Total,TOT,Djibouti,DJI,0
Ukraine,UKR,Total,TOT,Dominica,DMA,0
Ukraine,UKR,Total,TOT,Dominican Republic,DOM,148
Ukraine,UKR,Total,TOT,Ecuador,ECU,153
Ukraine,UKR,Total,TOT,"Egypt, Arab Rep.",EGY,68
Ukraine,UKR,Total,TOT,El Salvador,SLV,0
Ukraine,UKR,Total,TOT,Equatorial Guinea,GNQ,0
Ukraine,UKR,Total,TOT,Eritrea,ERI,0
Ukraine,UKR,Total,TOT,Estonia,EST,25185
Ukraine,UKR,Total,TOT,Ethiopia,ETH,4
Ukraine,UKR,Total,TOT,Faeroe Islands,FRO,5
Ukraine,UKR,Total,TOT,Falkland Islands (Malvinas),FLK,0
Ukraine,UKR,Total,TOT,Fiji,FJI,2
Ukraine,UKR,Total,TOT,Finland,FIN,878
Ukraine,UKR,Total,TOT,France,FRA,11687
Ukraine,UKR,Total,TOT,French Guiana,GUF,32
Ukraine,UKR,Total,TOT,French Polynesia,PYF,6
Ukraine,UKR,Total,TOT,Gabon,GAB,1
Ukraine,UKR,Total,TOT,"Gambia, The",GMB,2
Ukraine,UKR,Total,TOT,Georgia,GEO,41382
Ukraine,UKR,Total,TOT,Germany,DEU,58163
Ukraine,UKR,Total,TOT,Ghana,GHA,41
Ukraine,UKR,Total,TOT,Gibraltar,GIB,0
Ukraine,UKR,Total,TOT,Greece,GRC,13082
Ukraine,UKR,Total,TOT,Greenland,GRL,3
Ukraine,UKR,Total,TOT,Grenada,GRD,2
Ukraine,UKR,Total,TOT,Guadeloupe,GLP,33
Ukraine,UKR,Total,TOT,Guam,GUM,9
Ukraine,UKR,Total,TOT,Guatemala,GTM,8
Ukraine,UKR,Total,TOT,Guinea,GIN,51
Ukraine,UKR,Total,TOT,Guinea-Bissau,GNB,1
Ukraine,UKR,Total,TOT,Guyana,GUY,4
Ukraine,UKR,Total,TOT,Haiti,HTI,2
Ukraine,UKR,Total,TOT,Honduras,HND,9
Ukraine,UKR,Total,TOT,"Hong Kong SAR, China",HKG,718
Ukraine,UKR,Total,TOT,Hungary,HUN,15422
Ukraine,UKR,Total,TOT,Iceland,ISL,40
Ukraine,UKR,Total,TOT,India,IND,168
Ukraine,UKR,Total,TOT,Indonesia,IDN,1
Ukraine,UKR,Total,TOT,"Iran, Islamic Rep.",IRN,4
Ukraine,UKR,Total,TOT,Iraq,IRQ,4
Ukraine,UKR,Total,TOT,Ireland,IRL,1566
Ukraine,UKR,Total,TOT,Isle of Man,IMN,..
Ukraine,UKR,Total,TOT,Israel,ISR,56111
Ukraine,UKR,Total,TOT,Italy,ITA,13755
Ukraine,UKR,Total,TOT,Jamaica,JAM,8
Ukraine,UKR,Total,TOT,Japan,JPN,29
Ukraine,UKR,Total,TOT,Jordan,JOR,391
Ukraine,UKR,Total,TOT,Kazakhstan,KAZ,402671
Ukraine,UKR,Total,TOT,Kenya,KEN,0
Ukraine,UKR,Total,TOT,Kiribati,KIR,3
Ukraine,UKR,Total,TOT,"Korea, Dem. Rep.",PRK,6
Ukraine,UKR,Total,TOT,"Korea, Rep.",KOR,3
Ukraine,UKR,Total,TOT,Kosovo,XKX,..
Ukraine,UKR,Total,TOT,Kuwait,KWT,14
Ukraine,UKR,Total,TOT,Kyrgyz Republic,KGZ,13605
Ukraine,UKR,Total,TOT,Lao PDR,LAO,0
Ukraine,UKR,Total,TOT,Latvia,LVA,53535
Ukraine,UKR,Total,TOT,Lebanon,LBN,1484
Ukraine,UKR,Total,TOT,Lesotho,LSO,0
Ukraine,UKR,Total,TOT,Liberia,LBR,2
Ukraine,UKR,Total,TOT,Libya,LBY,61
Ukraine,UKR,Total,TOT,Liechtenstein,LIE,3
Ukraine,UKR,Total,TOT,Lithuania,LTU,20225
Ukraine,UKR,Total,TOT,Luxembourg,LUX,204
Ukraine,UKR,Total,TOT,"Macao SAR, China",MAC,13
Ukraine,UKR,Total,TOT,"Macedonia, FYR",MKD,109
Ukraine,UKR,Total,TOT,Madagascar,MDG,4
Ukraine,UKR,Total,TOT,Malawi,MWI,6
Ukraine,UKR,Total,TOT,Malaysia,MYS,68
Ukraine,UKR,Total,TOT,Maldives,MDV,0
Ukraine,UKR,Total,TOT,Mali,MLI,0
Ukraine,UKR,Total,TOT,Malta,MLT,23
Ukraine,UKR,Total,TOT,Marshall Islands,MHL,0
Ukraine,UKR,Total,TOT,Martinique,MTQ,12
Ukraine,UKR,Total,TOT,Mauritania,MRT,10
Ukraine,UKR,Total,TOT,Mauritius,MUS,9
Ukraine,UKR,Total,TOT,Mayotte,MYT,0
Ukraine,UKR,Total,TOT,Mexico,MEX,223
Ukraine,UKR,Total,TOT,"Micronesia, Fed. Sts.",FSM,0
Ukraine,UKR,Total,TOT,Moldova,MDA,218596
Ukraine,UKR,Total,TOT,Monaco,MCO,34
Ukraine,UKR,Total,TOT,Mongolia,MNG,0
Ukraine,UKR,Total,TOT,Montenegro,MNE,..
Ukraine,UKR,Total,TOT,Montserrat,MSR,0
Ukraine,UKR,Total,TOT,Morocco,MAR,0
Ukraine,UKR,Total,TOT,Mozambique,MOZ,50
Ukraine,UKR,Total,TOT,Myanmar,MMR,0
Ukraine,UKR,Total,TOT,Namibia,NAM,56
Ukraine,UKR,Total,TOT,Naura,NRU,1
Ukraine,UKR,Total,TOT,Nepal,NPL,17
Ukraine,UKR,Total,TOT,Netherlands,NLD,225
Ukraine,UKR,Total,TOT,Netherlands Antilles,ANT,16
Ukraine,UKR,Total,TOT,New Caledonia,NCL,7
Ukraine,UKR,Total,TOT,New Zealand,NZL,829
Ukraine,UKR,Total,TOT,Nicaragua,NIC,74
Ukraine,UKR,Total,TOT,Niger,NER,16
Ukraine,UKR,Total,TOT,Nigeria,NGA,143
Ukraine,UKR,Total,TOT,Niue,NIU,0
Ukraine,UKR,Total,TOT,Norfolk Island,NFK,0
Ukraine,UKR,Total,TOT,Northern Mariana Islands,MNP,2
Ukraine,UKR,Total,TOT,Norway,NOR,347
Ukraine,UKR,Total,TOT,Oman,OMN,7
Ukraine,UKR,Total,TOT,Pakistan,PAK,26
Ukraine,UKR,Total,TOT,Palau,PLW,1
Ukraine,UKR,Total,TOT,Panama,PAN,134
Ukraine,UKR,Total,TOT,Papua New Guinea,PNG,9
Ukraine,UKR,Total,TOT,Paraguay,PRY,154
Ukraine,UKR,Total,TOT,Peru,PER,153
Ukraine,UKR,Total,TOT,Philippines,PHL,3
Ukraine,UKR,Total,TOT,Poland,POL,331462
Ukraine,UKR,Total,TOT,Portugal,PRT,9843
Ukraine,UKR,Total,TOT,Puerto Rico,PRI,78
Ukraine,UKR,Total,TOT,Qatar,QAT,2218
Ukraine,UKR,Total,TOT,Reunion,REU,21
Ukraine,UKR,Total,TOT,Romania,ROU,15114
Ukraine,UKR,Total,TOT,Russian Federation,RUS,3559975
Ukraine,UKR,Total,TOT,Rwanda,RWA,3
Ukraine,UKR,Total,TOT,Saint Helena,SHN,0
Ukraine,UKR,Total,TOT,Saint Pierre and Miquelon,SPM,0
Ukraine,UKR,Total,TOT,Samoa,WSM,1
Ukraine,UKR,Total,TOT,San Marino,SMR,27
Ukraine,UKR,Total,TOT,Sao Tome and Principe,STP,0
Ukraine,UKR,Total,TOT,Saudi Arabia,SAU,57
Ukraine,UKR,Total,TOT,Senegal,SEN,9
Ukraine,UKR,Total,TOT,Serbia,SRB,..
Ukraine,UKR,Total,TOT,Serbia and Montenegro,SCG,130
Ukraine,UKR,Total,TOT,Seychelles,SYC,0
Ukraine,UKR,Total,TOT,Sierra Leone,SLE,1
Ukraine,UKR,Total,TOT,Singapore,SGP,21
Ukraine,UKR,Total,TOT,Slovak Republic,SVK,7468
Ukraine,UKR,Total,TOT,Slovenia,SVN,844
Ukraine,UKR,Total,TOT,Solomon Islands,SLB,0
Ukraine,UKR,Total,TOT,Somalia,SOM,0
Ukraine,UKR,Total,TOT,South Africa,ZAF,1928
Ukraine,UKR,Total,TOT,Spain,ESP,18491
Ukraine,UKR,Total,TOT,Sri Lanka,LKA,4
Ukraine,UKR,Total,TOT,St. Kitts and Nevis,KNA,0
Ukraine,UKR,Total,TOT,St. Lucia,LCA,1
Ukraine,UKR,Total,TOT,St. Vincent and the Grenadines,VCT,0
Ukraine,UKR,Total,TOT,Sudan,SDN,0
Ukraine,UKR,Total,TOT,Suriname,SUR,1
Ukraine,UKR,Total,TOT,Swaziland,SWZ,2
Ukraine,UKR,Total,TOT,Sweden,SWE,1919
Ukraine,UKR,Total,TOT,Switzerland,CHE,1887
Ukraine,UKR,Total,TOT,Syrian Arab Republic,SYR,25
Ukraine,UKR,Total,TOT,"Taiwan, China",TWN,0
Ukraine,UKR,Total,TOT,Tajikistan,TJK,32679
Ukraine,UKR,Total,TOT,Tanzania,TZA,0
Ukraine,UKR,Total,TOT,Thailand,THA,46
Ukraine,UKR,Total,TOT,Timor-Leste,TLS,0
Ukraine,UKR,Total,TOT,Togo,TGO,82
Ukraine,UKR,Total,TOT,Tokelau,TKL,0
Ukraine,UKR,Total,TOT,Tonga,TON,3
Ukraine,UKR,Total,TOT,Trinidad and Tobago,TTO,6
Ukraine,UKR,Total,TOT,Tunisia,TUN,2
Ukraine,UKR,Total,TOT,Turkey,TUR,4176
Ukraine,UKR,Total,TOT,Turkmenistan,TKM,24323
Ukraine,UKR,Total,TOT,Turks and Caicos Islands,TCA,0
Ukraine,UKR,Total,TOT,Tuvalu,TUV,0
Ukraine,UKR,Total,TOT,Uganda,UGA,0
Ukraine,UKR,Total,TOT,Ukraine,UKR,0
Ukraine,UKR,Total,TOT,United Arab Emirates,ARE,89
Ukraine,UKR,Total,TOT,United Kingdom,GBR,783
Ukraine,UKR,Total,TOT,United States,USA,444101
Ukraine,UKR,Total,TOT,Uruguay,URY,153
Ukraine,UKR,Total,TOT,Uzbekistan,UZB,162266
Ukraine,UKR,Total,TOT,Vanuatu,VUT,0
Ukraine,UKR,Total,TOT,"Venezuela, RB",VEN,181
Ukraine,UKR,Total,TOT,Vietnam,VNM,2
Ukraine,UKR,Total,TOT,Virgin Islands (U.S.),VIR,5
Ukraine,UKR,Total,TOT,"Virgin Islands, British",VGB,0
Ukraine,UKR,Total,TOT,Wallis and Futuna,WLF,0
Ukraine,UKR,Total,TOT,West Bank and Gaza,PSE,418
Ukraine,UKR,Total,TOT,"Yemen, Rep.",YEM,184
Ukraine,UKR,Total,TOT,Zambia,ZMB,8
Ukraine,UKR,Total,TOT,Zimbabwe,ZWE,54
Afghanistan,AFG,Total,TOT,Algeria,DZA,8
Afghanistan,AFG,Total,TOT,Afghanistan,AFG,0
Afghanistan,AFG,Total,TOT,Albania,ALB,0
Afghanistan,AFG,Total,TOT,American Samoa,ASM,0
Afghanistan,AFG,Total,TOT,Andorra,AND,6
Afghanistan,AFG,Total,TOT,Angola,AGO,0
Afghanistan,AFG,Total,TOT,Anguilla,AIA,0
Afghanistan,AFG,Total,TOT,Antigua and Barbuda,ATG,0
Afghanistan,AFG,Total,TOT,Argentina,ARG,0
Afghanistan,AFG,Total,TOT,Armenia,ARM,7
Afghanistan,AFG,Total,TOT,Aruba,ABW,0
Afghanistan,AFG,Total,TOT,Australia,AUS,11128
Afghanistan,AFG,Total,TOT,Austria,AUT,2488
Afghanistan,AFG,Total,TOT,Azerbaijan,AZE,0
Afghanistan,AFG,Total,TOT,"Bahamas, The",BHS,0
Afghanistan,AFG,Total,TOT,Bahrain,BHR,34419
Afghanistan,AFG,Total,TOT,Bangladesh,BGD,158
Afghanistan,AFG,Total,TOT,Barbados,BRB,0
Afghanistan,AFG,Total,TOT,Belarus,BLR,0
Afghanistan,AFG,Total,TOT,Belgium,BEL,209
Afghanistan,AFG,Total,TOT,Belize,BLZ,3
Afghanistan,AFG,Total,TOT,Benin,BEN,0
Afghanistan,AFG,Total,TOT,Bermuda,BMU,4
Afghanistan,AFG,Total,TOT,Bhutan,BTN,0
Afghanistan,AFG,Total,TOT,Bolivia,BOL,2
Afghanistan,AFG,Total,TOT,Bosnia and Herzegovina,BIH,2
Afghanistan,AFG,Total,TOT,Botswana,BWA,0
Afghanistan,AFG,Total,TOT,Brazil,BRA,28
Afghanistan,AFG,Total,TOT,Brunei Darussalam,BRN,0
Afghanistan,AFG,Total,TOT,Bulgaria,BGR,826
Afghanistan,AFG,Total,TOT,Burkina Faso,BFA,0
Afghanistan,AFG,Total,TOT,Burundi,BDI,0
Afghanistan,AFG,Total,TOT,Cambodia,KHM,3
Afghanistan,AFG,Total,TOT,Cameroon,CMR,0
Afghanistan,AFG,Total,TOT,Canada,CAN,21969
Afghanistan,AFG,Total,TOT,Cape Verde,CPV,0
Afghanistan,AFG,Total,TOT,Cayman Islands,CYM,0
Afghanistan,AFG,Total,TOT,Central African Republic,CAF,0
Afghanistan,AFG,Total,TOT,Chad,TCD,1
Afghanistan,AFG,Total,TOT,Channel Islands,CHI,..
Afghanistan,AFG,Total,TOT,Chile,CHL,14
Afghanistan,AFG,Total,TOT,China,CHN,66
Afghanistan,AFG,Total,TOT,Colombia,COL,93
Afghanistan,AFG,Total,TOT,Comoros,COM,0
Afghanistan,AFG,Total,TOT,"Congo, Dem. Rep.",COD,3
Afghanistan,AFG,Total,TOT,"Congo, Rep.",COG,0
Afghanistan,AFG,Total,TOT,Cook Islands,COK,0
Afghanistan,AFG,Total,TOT,Costa Rica,CRI,3
Afghanistan,AFG,Total,TOT,Cote d'Ivoire,CIV,0
Afghanistan,AFG,Total,TOT,Croatia,HRV,2
Afghanistan,AFG,Total,TOT,Cuba,CUB,0
Afghanistan,AFG,Total,TOT,Cyprus,CYP,4
Afghanistan,AFG,Total,TOT,Czech Republic,CZE,211
Afghanistan,AFG,Total,TOT,Denmark,DNK,4198
Afghanistan,AFG,Total,TOT,Djibouti,DJI,0
Afghanistan,AFG,Total,TOT,Dominica,DMA,0
Afghanistan,AFG,Total,TOT,Dominican Republic,DOM,7
Afghanistan,AFG,Total,TOT,Ecuador,ECU,19
Afghanistan,AFG,Total,TOT,"Egypt, Arab Rep.",EGY,277
Afghanistan,AFG,Total,TOT,El Salvador,SLV,0
Afghanistan,AFG,Total,TOT,Equatorial Guinea,GNQ,0
Afghanistan,AFG,Total,TOT,Eritrea,ERI,0
Afghanistan,AFG,Total,TOT,Estonia,EST,0
Afghanistan,AFG,Total,TOT,Ethiopia,ETH,0
Afghanistan,AFG,Total,TOT,Faeroe Islands,FRO,0
Afghanistan,AFG,Total,TOT,Falkland Islands (Malvinas),FLK,0
Afghanistan,AFG,Total,TOT,Fiji,FJI,9
Afghanistan,AFG,Total,TOT,Finland,FIN,322
Afghanistan,AFG,Total,TOT,France,FRA,2981
Afghanistan,AFG,Total,TOT,French Guiana,GUF,0
Afghanistan,AFG,Total,TOT,French Polynesia,PYF,1
Afghanistan,AFG,Total,TOT,Gabon,GAB,0
Afghanistan,AFG,Total,TOT,"Gambia, The",GMB,0
Afghanistan,AFG,Total,TOT,Georgia,GEO,0
Afghanistan,AFG,Total,TOT,Germany,DEU,15529
Afghanistan,AFG,Total,TOT,Ghana,GHA,11
Afghanistan,AFG,Total,TOT,Gibraltar,GIB,0
Afghanistan,AFG,Total,TOT,Greece,GRC,357
Afghanistan,AFG,Total,TOT,Greenland,GRL,0
Afghanistan,AFG,Total,TOT,Grenada,GRD,0
Afghanistan,AFG,Total,TOT,Guadeloupe,GLP,0
Afghanistan,AFG,Total,TOT,Guam,GUM,8
Afghanistan,AFG,Total,TOT,Guatemala,GTM,0
Afghanistan,AFG,Total,TOT,Guinea,GIN,0
Afghanistan,AFG,Total,TOT,Guinea-Bissau,GNB,0
Afghanistan,AFG,Total,TOT,Guyana,GUY,0
Afghanistan,AFG,Total,TOT,Haiti,HTI,0
Afghanistan,AFG,Total,TOT,Honduras,HND,3
Afghanistan,AFG,Total,TOT,"Hong Kong SAR, China",HKG,599
Afghanistan,AFG,Total,TOT,Hungary,HUN,81
Afghanistan,AFG,Total,TOT,Iceland,ISL,0
Afghanistan,AFG,Total,TOT,India,IND,9671
Afghanistan,AFG,Total,TOT,Indonesia,IDN,17
Afghanistan,AFG,Total,TOT,"Iran, Islamic Rep.",IRN,762129
Afghanistan,AFG,Total,TOT,Iraq,IRQ,0
Afghanistan,AFG,Total,TOT,Ireland,IRL,93
Afghanistan,AFG,Total,TOT,Isle of Man,IMN,..
Afghanistan,AFG,Total,TOT,Israel,ISR,429
Afghanistan,AFG,Total,TOT,Italy,ITA,202
Afghanistan,AFG,Total,TOT,Jamaica,JAM,0
Afghanistan,AFG,Total,TOT,Japan,JPN,206
Afghanistan,AFG,Total,TOT,Jordan,JOR,62
Afghanistan,AFG,Total,TOT,Kazakhstan,KAZ,0
Afghanistan,AFG,Total,TOT,Kenya,KEN,0
Afghanistan,AFG,Total,TOT,Kiribati,KIR,0
Afghanistan,AFG,Total,TOT,"Korea, Dem. Rep.",PRK,6
Afghanistan,AFG,Total,TOT,"Korea, Rep.",KOR,0
Afghanistan,AFG,Total,TOT,Kosovo,XKX,..
Afghanistan,AFG,Total,TOT,Kuwait,KWT,88350
Afghanistan,AFG,Total,TOT,Kyrgyz Republic,KGZ,1174
Afghanistan,AFG,Total,TOT,Lao PDR,LAO,0
Afghanistan,AFG,Total,TOT,Latvia,LVA,32
Afghanistan,AFG,Total,TOT,Lebanon,LBN,23718
Afghanistan,AFG,Total,TOT,Lesotho,LSO,0
Afghanistan,AFG,Total,TOT,Liberia,LBR,0
Afghanistan,AFG,Total,TOT,Libya,LBY,1011
Afghanistan,AFG,Total,TOT,Liechtenstein,LIE,2
Afghanistan,AFG,Total,TOT,Lithuania,LTU,35
Afghanistan,AFG,Total,TOT,Luxembourg,LUX,1
Afghanistan,AFG,Total,TOT,"Macao SAR, China",MAC,4
Afghanistan,AFG,Total,TOT,"Macedonia, FYR",MKD,29
Afghanistan,AFG,Total,TOT,Madagascar,MDG,2
Afghanistan,AFG,Total,TOT,Malawi,MWI,0
Afghanistan,AFG,Total,TOT,Malaysia,MYS,103
Afghanistan,AFG,Total,TOT,Maldives,MDV,4
Afghanistan,AFG,Total,TOT,Mali,MLI,0
Afghanistan,AFG,Total,TOT,Malta,MLT,5
Afghanistan,AFG,Total,TOT,Marshall Islands,MHL,0
Afghanistan,AFG,Total,TOT,Martinique,MTQ,0
Afghanistan,AFG,Total,TOT,Mauritania,MRT,1
Afghanistan,AFG,Total,TOT,Mauritius,MUS,1
Afghanistan,AFG,Total,TOT,Mayotte,MYT,0
Afghanistan,AFG,Total,TOT,Mexico,MEX,9
Afghanistan,AFG,Total,TOT,"Micronesia, Fed. Sts.",FSM,0
Afghanistan,AFG,Total,TOT,Moldova,MDA,0
Afghanistan,AFG,Total,TOT,Monaco,MCO,9
Afghanistan,AFG,Total,TOT,Mongolia,MNG,0
Afghanistan,AFG,Total,TOT,Montenegro,MNE,..
Afghanistan,AFG,Total,TOT,Montserrat,MSR,0
Afghanistan,AFG,Total,TOT,Morocco,MAR,9
Afghanistan,AFG,Total,TOT,Mozambique,MOZ,2
Afghanistan,AFG,Total,TOT,Myanmar,MMR,5
Afghanistan,AFG,Total,TOT,Namibia,NAM,0
Afghanistan,AFG,Total,TOT,Naura,NRU,0
Afghanistan,AFG,Total,TOT,Nepal,NPL,74
Afghanistan,AFG,Total,TOT,Netherlands,NLD,26955
Afghanistan,AFG,Total,TOT,Netherlands Antilles,ANT,0
Afghanistan,AFG,Total,TOT,New Caledonia,NCL,3
Afghanistan,AFG,Total,TOT,New Zealand,NZL,727
Afghanistan,AFG,Total,TOT,Nicaragua,NIC,25
Afghanistan,AFG,Total,TOT,Niger,NER,0
Afghanistan,AFG,Total,TOT,Nigeria,NGA,1
Afghanistan,AFG,Total,TOT,Niue,NIU,0
Afghanistan,AFG,Total,TOT,Norfolk Island,NFK,0
Afghanistan,AFG,Total,TOT,Northern Mariana Islands,MNP,9
Afghanistan,AFG,Total,TOT,Norway,NOR,652
Afghanistan,AFG,Total,TOT,Oman,OMN,1148
Afghanistan,AFG,Total,TOT,Pakistan,PAK,14461
Afghanistan,AFG,Total,TOT,Palau,PLW,2
Afghanistan,AFG,Total,TOT,Panama,PAN,0
Afghanistan,AFG,Total,TOT,Papua New Guinea,PNG,11
Afghanistan,AFG,Total,TOT,Paraguay,PRY,5
Afghanistan,AFG,Total,TOT,Peru,PER,8
Afghanistan,AFG,Total,TOT,Philippines,PHL,751
Afghanistan,AFG,Total,TOT,Poland,POL,165
Afghanistan,AFG,Total,TOT,Portugal,PRT,0
Afghanistan,AFG,Total,TOT,Puerto Rico,PRI,0
Afghanistan,AFG,Total,TOT,Qatar,QAT,35442
Afghanistan,AFG,Total,TOT,Reunion,REU,0
Afghanistan,AFG,Total,TOT,Romania,ROU,0
Afghanistan,AFG,Total,TOT,Russian Federation,RUS,406
Afghanistan,AFG,Total,TOT,Rwanda,RWA,0
Afghanistan,AFG,Total,TOT,Saint Helena,SHN,0
Afghanistan,AFG,Total,TOT,Saint Pierre and Miquelon,SPM,0
Afghanistan,AFG,Total,TOT,Samoa,WSM,0
Afghanistan,AFG,Total,TOT,San Marino,SMR,0
Afghanistan,AFG,Total,TOT,Sao Tome and Principe,STP,0
Afghanistan,AFG,Total,TOT,Saudi Arabia,SAU,12746
Afghanistan,AFG,Total,TOT,Senegal,SEN,0
Afghanistan,AFG,Total,TOT,Serbia,SRB,..
Afghanistan,AFG,Total,TOT,Serbia and Montenegro,SCG,5
Afghanistan,AFG,Total,TOT,Seychelles,SYC,0
Afghanistan,AFG,Total,TOT,Sierra Leone,SLE,0
Afghanistan,AFG,Total,TOT,Singapore,SGP,181
Afghanistan,AFG,Total,TOT,Slovak Republic,SVK,73
Afghanistan,AFG,Total,TOT,Slovenia,SVN,2
Afghanistan,AFG,Total,TOT,Solomon Islands,SLB,0
Afghanistan,AFG,Total,TOT,Somalia,SOM,0
Afghanistan,AFG,Total,TOT,South Africa,ZAF,26
Afghanistan,AFG,Total,TOT,Spain,ESP,123
Afghanistan,AFG,Total,TOT,Sri Lanka,LKA,83
Afghanistan,AFG,Total,TOT,St. Kitts and Nevis,KNA,0
Afghanistan,AFG,Total,TOT,St. Lucia,LCA,0
Afghanistan,AFG,Total,TOT,St. Vincent and the Grenadines,VCT,0
Afghanistan,AFG,Total,TOT,Sudan,SDN,10
Afghanistan,AFG,Total,TOT,Suriname,SUR,0
Afghanistan,AFG,Total,TOT,Swaziland,SWZ,0
Afghanistan,AFG,Total,TOT,Sweden,SWE,4239
Afghanistan,AFG,Total,TOT,Switzerland,CHE,2395
Afghanistan,AFG,Total,TOT,Syrian Arab Republic,SYR,9172
Afghanistan,AFG,Total,TOT,"Taiwan, China",TWN,1
Afghanistan,AFG,Total,TOT,Tajikistan,TJK,1571
Afghanistan,AFG,Total,TOT,Tanzania,TZA,7
Afghanistan,AFG,Total,TOT,Thailand,THA,596
Afghanistan,AFG,Total,TOT,Timor-Leste,TLS,0
Afghanistan,AFG,Total,TOT,Togo,TGO,0
Afghanistan,AFG,Total,TOT,Tokelau,TKL,0
Afghanistan,AFG,Total,TOT,Tonga,TON,2
Afghanistan,AFG,Total,TOT,Trinidad and Tobago,TTO,0
Afghanistan,AFG,Total,TOT,Tunisia,TUN,112
Afghanistan,AFG,Total,TOT,Turkey,TUR,9630
Afghanistan,AFG,Total,TOT,Turkmenistan,TKM,0
Afghanistan,AFG,Total,TOT,Turks and Caicos Islands,TCA,0
Afghanistan,AFG,Total,TOT,Tuvalu,TUV,0
Afghanistan,AFG,Total,TOT,Uganda,UGA,0
Afghanistan,AFG,Total,TOT,Ukraine,UKR,197
Afghanistan,AFG,Total,TOT,United Arab Emirates,ARE,26430
Afghanistan,AFG,Total,TOT,United Kingdom,GBR,5
Afghanistan,AFG,Total,TOT,United States,USA,44893
Afghanistan,AFG,Total,TOT,Uruguay,URY,0
Afghanistan,AFG,Total,TOT,Uzbekistan,UZB,0
Afghanistan,AFG,Total,TOT,Vanuatu,VUT,0
Afghanistan,AFG,Total,TOT,"Venezuela, RB",VEN,10
Afghanistan,AFG,Total,TOT,Vietnam,VNM,19
Afghanistan,AFG,Total,TOT,Virgin Islands (U.S.),VIR,0
Afghanistan,AFG,Total,TOT,"Virgin Islands, British",VGB,0
Afghanistan,AFG,Total,TOT,Wallis and Futuna,WLF,0
Afghanistan,AFG,Total,TOT,West Bank and Gaza,PSE,111
Afghanistan,AFG,Total,TOT,"Yemen, Rep.",YEM,2845
Afghanistan,AFG,Total,TOT,Zambia,ZMB,0
Afghanistan,AFG,Total,TOT,Zimbabwe,ZWE,1
Burundi,BDI,Total,TOT,Algeria,DZA,0
Burundi,BDI,Total,TOT,Afghanistan,AFG,6
Burundi,BDI,Total,TOT,Albania,ALB,0
Burundi,BDI,Total,TOT,American Samoa,ASM,0
Burundi,BDI,Total,TOT,Andorra,AND,0
Burundi,BDI,Total,TOT,Angola,AGO,0
Burundi,BDI,Total,TOT,Anguilla,AIA,0
Burundi,BDI,Total,TOT,Antigua and Barbuda,ATG,0
Burundi,BDI,Total,TOT,Argentina,ARG,0
Burundi,BDI,Total,TOT,Armenia,ARM,0
Burundi,BDI,Total,TOT,Aruba,ABW,0
Burundi,BDI,Total,TOT,Australia,AUS,27
Burundi,BDI,Total,TOT,Austria,AUT,37
Burundi,BDI,Total,TOT,Azerbaijan,AZE,0
Burundi,BDI,Total,TOT,"Bahamas, The",BHS,0
Burundi,BDI,Total,TOT,Bahrain,BHR,0
Burundi,BDI,Total,TOT,Bangladesh,BGD,12
Burundi,BDI,Total,TOT,Barbados,BRB,0
Burundi,BDI,Total,TOT,Belarus,BLR,0
Burundi,BDI,Total,TOT,Belgium,BEL,592
Burundi,BDI,Total,TOT,Belize,BLZ,0
Burundi,BDI,Total,TOT,Benin,BEN,19
Burundi,BDI,Total,TOT,Bermuda,BMU,0
Burundi,BDI,Total,TOT,Bhutan,BTN,0
Burundi,BDI,Total,TOT,Bolivia,BOL,1
Burundi,BDI,Total,TOT,Bosnia and Herzegovina,BIH,0
Burundi,BDI,Total,TOT,Botswana,BWA,2
Burundi,BDI,Total,TOT,Brazil,BRA,8
Burundi,BDI,Total,TOT,Brunei Darussalam,BRN,0
Burundi,BDI,Total,TOT,Bulgaria,BGR,2
Burundi,BDI,Total,TOT,Burkina Faso,BFA,2
Burundi,BDI,Total,TOT,Burundi,BDI,0
Burundi,BDI,Total,TOT,Cambodia,KHM,0
Burundi,BDI,Total,TOT,Cameroon,CMR,1937
Burundi,BDI,Total,TOT,Canada,CAN,2293
Burundi,BDI,Total,TOT,Cape Verde,CPV,0
Burundi,BDI,Total,TOT,Cayman Islands,CYM,0
Burundi,BDI,Total,TOT,Central African Republic,CAF,4
Burundi,BDI,Total,TOT,Chad,TCD,401
Burundi,BDI,Total,TOT,Channel Islands,CHI,..
Burundi,BDI,Total,TOT,Chile,CHL,0
Burundi,BDI,Total,TOT,China,CHN,4
Burundi,BDI,Total,TOT,Colombia,COL,1
Burundi,BDI,Total,TOT,Comoros,COM,23
Burundi,BDI,Total,TOT,"Congo, Dem. Rep.",COD,10467
Burundi,BDI,Total,TOT,"Congo, Rep.",COG,21
Burundi,BDI,Total,TOT,Cook Islands,COK,0
Burundi,BDI,Total,TOT,Costa Rica,CRI,0
Burundi,BDI,Total,TOT,Cote d'Ivoire,CIV,179
Burundi,BDI,Total,TOT,Croatia,HRV,0
Burundi,BDI,Total,TOT,Cuba,CUB,0
Burundi,BDI,Total,TOT,Cyprus,CYP,2
Burundi,BDI,Total,TOT,Czech Republic,CZE,1
Burundi,BDI,Total,TOT,Denmark,DNK,272
Burundi,BDI,Total,TOT,Djibouti,DJI,1821
Burundi,BDI,Total,TOT,Dominica,DMA,0
Burundi,BDI,Total,TOT,Dominican Republic,DOM,4
Burundi,BDI,Total,TOT,Ecuador,ECU,0
Burundi,BDI,Total,TOT,"Egypt, Arab Rep.",EGY,48
Burundi,BDI,Total,TOT,El Salvador,SLV,0
Burundi,BDI,Total,TOT,Equatorial Guinea,GNQ,27
Burundi,BDI,Total,TOT,Eritrea,ERI,820
Burundi,BDI,Total,TOT,Estonia,EST,0
Burundi,BDI,Total,TOT,Ethiopia,ETH,5609
Burundi,BDI,Total,TOT,Faeroe Islands,FRO,0
Burundi,BDI,Total,TOT,Falkland Islands (Malvinas),FLK,0
Burundi,BDI,Total,TOT,Fiji,FJI,0
Burundi,BDI,Total,TOT,Finland,FIN,6
Burundi,BDI,Total,TOT,France,FRA,76
Burundi,BDI,Total,TOT,French Guiana,GUF,0
Burundi,BDI,Total,TOT,French Polynesia,PYF,0
Burundi,BDI,Total,TOT,Gabon,GAB,62
Burundi,BDI,Total,TOT,"Gambia, The",GMB,562
Burundi,BDI,Total,TOT,Georgia,GEO,0
Burundi,BDI,Total,TOT,Germany,DEU,427
Burundi,BDI,Total,TOT,Ghana,GHA,134
Burundi,BDI,Total,TOT,Gibraltar,GIB,0
Burundi,BDI,Total,TOT,Greece,GRC,26
Burundi,BDI,Total,TOT,Greenland,GRL,0
Burundi,BDI,Total,TOT,Grenada,GRD,0
Burundi,BDI,Total,TOT,Guadeloupe,GLP,0
Burundi,BDI,Total,TOT,Guam,GUM,0
Burundi,BDI,Total,TOT,Guatemala,GTM,0
Burundi,BDI,Total,TOT,Guinea,GIN,5
Burundi,BDI,Total,TOT,Guinea-Bissau,GNB,0
Burundi,BDI,Total,TOT,Guyana,GUY,0
Burundi,BDI,Total,TOT,Haiti,HTI,0
Burundi,BDI,Total,TOT,Honduras,HND,0
Burundi,BDI,Total,TOT,"Hong Kong SAR, China",HKG,44
Burundi,BDI,Total,TOT,Hungary,HUN,4
Burundi,BDI,Total,TOT,Iceland,ISL,0
Burundi,BDI,Total,TOT,India,IND,552
Burundi,BDI,Total,TOT,Indonesia,IDN,0
Burundi,BDI,Total,TOT,"Iran, Islamic Rep.",IRN,0
Burundi,BDI,Total,TOT,Iraq,IRQ,0
Burundi,BDI,Total,TOT,Ireland,IRL,35
Burundi,BDI,Total,TOT,Isle of Man,IMN,..
Burundi,BDI,Total,TOT,Israel,ISR,1
Burundi,BDI,Total,TOT,Italy,ITA,555
Burundi,BDI,Total,TOT,Jamaica,JAM,0
Burundi,BDI,Total,TOT,Japan,JPN,7
Burundi,BDI,Total,TOT,Jordan,JOR,0
Burundi,BDI,Total,TOT,Kazakhstan,KAZ,0
Burundi,BDI,Total,TOT,Kenya,KEN,3973
Burundi,BDI,Total,TOT,Kiribati,KIR,0
Burundi,BDI,Total,TOT,"Korea, Dem. Rep.",PRK,0
Burundi,BDI,Total,TOT,"Korea, Rep.",KOR,0
Burundi,BDI,Total,TOT,Kosovo,XKX,..
Burundi,BDI,Total,TOT,Kuwait,KWT,0
Burundi,BDI,Total,TOT,Kyrgyz Republic,KGZ,1
Burundi,BDI,Total,TOT,Lao PDR,LAO,0
Burundi,BDI,Total,TOT,Latvia,LVA,1
Burundi,BDI,Total,TOT,Lebanon,LBN,0
Burundi,BDI,Total,TOT,Lesotho,LSO,2
Burundi,BDI,Total,TOT,Liberia,LBR,0
Burundi,BDI,Total,TOT,Libya,LBY,1
Burundi,BDI,Total,TOT,Liechtenstein,LIE,0
Burundi,BDI,Total,TOT,Lithuania,LTU,0
Burundi,BDI,Total,TOT,Luxembourg,LUX,31
Burundi,BDI,Total,TOT,"Macao SAR, China",MAC,0
Burundi,BDI,Total,TOT,"Macedonia, FYR",MKD,2
Burundi,BDI,Total,TOT,Madagascar,MDG,23
Burundi,BDI,Total,TOT,Malawi,MWI,109
Burundi,BDI,Total,TOT,Malaysia,MYS,14
Burundi,BDI,Total,TOT,Maldives,MDV,0
Burundi,BDI,Total,TOT,Mali,MLI,0
Burundi,BDI,Total,TOT,Malta,MLT,0
Burundi,BDI,Total,TOT,Marshall Islands,MHL,0
Burundi,BDI,Total,TOT,Martinique,MTQ,0
Burundi,BDI,Total,TOT,Mauritania,MRT,0
Burundi,BDI,Total,TOT,Mauritius,MUS,0
Burundi,BDI,Total,TOT,Mayotte,MYT,547
Burundi,BDI,Total,TOT,Mexico,MEX,2
Burundi,BDI,Total,TOT,"Micronesia, Fed. Sts.",FSM,0
Burundi,BDI,Total,TOT,Moldova,MDA,0
Burundi,BDI,Total,TOT,Monaco,MCO,0
Burundi,BDI,Total,TOT,Mongolia,MNG,0
Burundi,BDI,Total,TOT,Montenegro,MNE,..
Burundi,BDI,Total,TOT,Montserrat,MSR,0
Burundi,BDI,Total,TOT,Morocco,MAR,0
Burundi,BDI,Total,TOT,Mozambique,MOZ,21
Burundi,BDI,Total,TOT,Myanmar,MMR,0
Burundi,BDI,Total,TOT,Namibia,NAM,1
Burundi,BDI,Total,TOT,Naura,NRU,0
Burundi,BDI,Total,TOT,Nepal,NPL,7
Burundi,BDI,Total,TOT,Netherlands,NLD,723
Burundi,BDI,Total,TOT,Netherlands Antilles,ANT,0
Burundi,BDI,Total,TOT,New Caledonia,NCL,0
Burundi,BDI,Total,TOT,New Zealand,NZL,47
Burundi,BDI,Total,TOT,Nicaragua,NIC,0
Burundi,BDI,Total,TOT,Niger,NER,21
Burundi,BDI,Total,TOT,Nigeria,NGA,552
Burundi,BDI,Total,TOT,Niue,NIU,0
Burundi,BDI,Total,TOT,Norfolk Island,NFK,0
Burundi,BDI,Total,TOT,Northern Mariana Islands,MNP,0
Burundi,BDI,Total,TOT,Norway,NOR,59
Burundi,BDI,Total,TOT,Oman,OMN,0
Burundi,BDI,Total,TOT,Pakistan,PAK,35
Burundi,BDI,Total,TOT,Palau,PLW,0
Burundi,BDI,Total,TOT,Panama,PAN,1
Burundi,BDI,Total,TOT,Papua New Guinea,PNG,0
Burundi,BDI,Total,TOT,Paraguay,PRY,0
Burundi,BDI,Total,TOT,Peru,PER,0
Burundi,BDI,Total,TOT,Philippines,PHL,0
Burundi,BDI,Total,TOT,Poland,POL,3
Burundi,BDI,Total,TOT,Portugal,PRT,0
Burundi,BDI,Total,TOT,Puerto Rico,PRI,0
Burundi,BDI,Total,TOT,Qatar,QAT,0
Burundi,BDI,Total,TOT,Reunion,REU,6
Burundi,BDI,Total,TOT,Romania,ROU,0
Burundi,BDI,Total,TOT,Russian Federation,RUS,0
Burundi,BDI,Total,TOT,Rwanda,RWA,34616
Burundi,BDI,Total,TOT,Saint Helena,SHN,0
Burundi,BDI,Total,TOT,Saint Pierre and Miquelon,SPM,0
Burundi,BDI,Total,TOT,Samoa,WSM,0
Burundi,BDI,Total,TOT,San Marino,SMR,0
Burundi,BDI,Total,TOT,Sao Tome and Principe,STP,3
Burundi,BDI,Total,TOT,Saudi Arabia,SAU,0
Burundi,BDI,Total,TOT,Senegal,SEN,1
Burundi,BDI,Total,TOT,Serbia,SRB,..
Burundi,BDI,Total,TOT,Serbia and Montenegro,SCG,0
Burundi,BDI,Total,TOT,Seychelles,SYC,0
Burundi,BDI,Total,TOT,Sierra Leone,SLE,0
Burundi,BDI,Total,TOT,Singapore,SGP,9
Burundi,BDI,Total,TOT,Slovak Republic,SVK,2
Burundi,BDI,Total,TOT,Slovenia,SVN,0
Burundi,BDI,Total,TOT,Solomon Islands,SLB,0
Burundi,BDI,Total,TOT,Somalia,SOM,1572
Burundi,BDI,Total,TOT,South Africa,ZAF,907
Burundi,BDI,Total,TOT,Spain,ESP,31
Burundi,BDI,Total,TOT,Sri Lanka,LKA,0
Burundi,BDI,Total,TOT,St. Kitts and Nevis,KNA,0
Burundi,BDI,Total,TOT,St. Lucia,LCA,0
Burundi,BDI,Total,TOT,St. Vincent and the Grenadines,VCT,0
Burundi,BDI,Total,TOT,Sudan,SDN,51746
Burundi,BDI,Total,TOT,Suriname,SUR,0
Burundi,BDI,Total,TOT,Swaziland,SWZ,2
Burundi,BDI,Total,TOT,Sweden,SWE,82
Burundi,BDI,Total,TOT,Switzerland,CHE,360
Burundi,BDI,Total,TOT,Syrian Arab Republic,SYR,0
Burundi,BDI,Total,TOT,"Taiwan, China",TWN,0
Burundi,BDI,Total,TOT,Tajikistan,TJK,0
Burundi,BDI,Total,TOT,Tanzania,TZA,72272
Burundi,BDI,Total,TOT,Thailand,THA,0
Burundi,BDI,Total,TOT,Timor-Leste,TLS,0
Burundi,BDI,Total,TOT,Togo,TGO,0
Burundi,BDI,Total,TOT,Tokelau,TKL,0
Burundi,BDI,Total,TOT,Tonga,TON,0
Burundi,BDI,Total,TOT,Trinidad and Tobago,TTO,0
Burundi,BDI,Total,TOT,Tunisia,TUN,0
Burundi,BDI,Total,TOT,Turkey,TUR,3
Burundi,BDI,Total,TOT,Turkmenistan,TKM,0
Burundi,BDI,Total,TOT,Turks and Caicos Islands,TCA,0
Burundi,BDI,Total,TOT,Tuvalu,TUV,0
Burundi,BDI,Total,TOT,Uganda,UGA,16370
Burundi,BDI,Total,TOT,Ukraine,UKR,0
Burundi,BDI,Total,TOT,United Arab Emirates,ARE,0
Burundi,BDI,Total,TOT,United Kingdom,GBR,807
Burundi,BDI,Total,TOT,United States,USA,1333
Burundi,BDI,Total,TOT,Uruguay,URY,0
Burundi,BDI,Total,TOT,Uzbekistan,UZB,0
Burundi,BDI,Total,TOT,Vanuatu,VUT,0
Burundi,BDI,Total,TOT,"Venezuela, RB",VEN,0
Burundi,BDI,Total,TOT,Vietnam,VNM,0
Burundi,BDI,Total,TOT,Virgin Islands (U.S.),VIR,0
Burundi,BDI,Total,TOT,"Virgin Islands, British",VGB,0
Burundi,BDI,Total,TOT,Wallis and Futuna,WLF,0
Burundi,BDI,Total,TOT,West Bank and Gaza,PSE,0
Burundi,BDI,Total,TOT,"Yemen, Rep.",YEM,0
Burundi,BDI,Total,TOT,Zambia,ZMB,1
Burundi,BDI,Total,TOT,Zimbabwe,ZWE,190
Central African Republic,CAF,Total,TOT,Algeria,DZA,0
Central African Republic,CAF,Total,TOT,Afghanistan,AFG,0
Central African Republic,CAF,Total,TOT,Albania,ALB,0
Central African Republic,CAF,Total,TOT,American Samoa,ASM,0
Central African Republic,CAF,Total,TOT,Andorra,AND,0
Central African Republic,CAF,Total,TOT,Angola,AGO,0
Central African Republic,CAF,Total,TOT,Anguilla,AIA,0
Central African Republic,CAF,Total,TOT,Antigua and Barbuda,ATG,0
Central African Republic,CAF,Total,TOT,Argentina,ARG,0
Central African Republic,CAF,Total,TOT,Armenia,ARM,6
Central African Republic,CAF,Total,TOT,Aruba,ABW,0
Central African Republic,CAF,Total,TOT,Australia,AUS,6
Central African Republic,CAF,Total,TOT,Austria,AUT,2
Central African Republic,CAF,Total,TOT,Azerbaijan,AZE,0
Central African Republic,CAF,Total,TOT,"Bahamas, The",BHS,0
Central African Republic,CAF,Total,TOT,Bahrain,BHR,0
Central African Republic,CAF,Total,TOT,Bangladesh,BGD,0
Central African Republic,CAF,Total,TOT,Barbados,BRB,0
Central African Republic,CAF,Total,TOT,Belarus,BLR,0
Central African Republic,CAF,Total,TOT,Belgium,BEL,54
Central African Republic,CAF,Total,TOT,Belize,BLZ,16
Central African Republic,CAF,Total,TOT,Benin,BEN,0
Central African Republic,CAF,Total,TOT,Bermuda,BMU,0
Central African Republic,CAF,Total,TOT,Bhutan,BTN,0
Central African Republic,CAF,Total,TOT,Bolivia,BOL,0
Central African Republic,CAF,Total,TOT,Bosnia and Herzegovina,BIH,0
Central African Republic,CAF,Total,TOT,Botswana,BWA,0
Central African Republic,CAF,Total,TOT,Brazil,BRA,6
Central African Republic,CAF,Total,TOT,Brunei Darussalam,BRN,0
Central African Republic,CAF,Total,TOT,Bulgaria,BGR,0
Central African Republic,CAF,Total,TOT,Burkina Faso,BFA,4
Central African Republic,CAF,Total,TOT,Burundi,BDI,39
Central African Republic,CAF,Total,TOT,Cambodia,KHM,0
Central African Republic,CAF,Total,TOT,Cameroon,CMR,850
Central African Republic,CAF,Total,TOT,Canada,CAN,180
Central African Republic,CAF,Total,TOT,Cape Verde,CPV,0
Central African Republic,CAF,Total,TOT,Cayman Islands,CYM,0
Central African Republic,CAF,Total,TOT,Central African Republic,CAF,0
Central African Republic,CAF,Total,TOT,Chad,TCD,9142
Central African Republic,CAF,Total,TOT,Channel Islands,CHI,..
Central African Republic,CAF,Total,TOT,Chile,CHL,3
Central African Republic,CAF,Total,TOT,China,CHN,0
Central African Republic,CAF,Total,TOT,Colombia,COL,6
Central African Republic,CAF,Total,TOT,Comoros,COM,1
Central African Republic,CAF,Total,TOT,"Congo, Dem. Rep.",COD,1979
Central African Republic,CAF,Total,TOT,"Congo, Rep.",COG,1739
Central African Republic,CAF,Total,TOT,Cook Islands,COK,0
Central African Republic,CAF,Total,TOT,Costa Rica,CRI,4
Central African Republic,CAF,Total,TOT,Cote d'Ivoire,CIV,1
Central African Republic,CAF,Total,TOT,Croatia,HRV,0
Central African Republic,CAF,Total,TOT,Cuba,CUB,0
Central African Republic,CAF,Total,TOT,Cyprus,CYP,7
Central African Republic,CAF,Total,TOT,Czech Republic,CZE,3
Central African Republic,CAF,Total,TOT,Denmark,DNK,1
Central African Republic,CAF,Total,TOT,Djibouti,DJI,100
Central African Republic,CAF,Total,TOT,Dominica,DMA,0
Central African Republic,CAF,Total,TOT,Dominican Republic,DOM,7
Central African Republic,CAF,Total,TOT,Ecuador,ECU,0
Central African Republic,CAF,Total,TOT,"Egypt, Arab Rep.",EGY,52
Central African Republic,CAF,Total,TOT,El Salvador,SLV,0
Central African Republic,CAF,Total,TOT,Equatorial Guinea,GNQ,5
Central African Republic,CAF,Total,TOT,Eritrea,ERI,3
Central African Republic,CAF,Total,TOT,Estonia,EST,0
Central African Republic,CAF,Total,TOT,Ethiopia,ETH,1060
Central African Republic,CAF,Total,TOT,Faeroe Islands,FRO,0
Central African Republic,CAF,Total,TOT,Falkland Islands (Malvinas),FLK,0
Central African Republic,CAF,Total,TOT,Fiji,FJI,0
Central African Republic,CAF,Total,TOT,Finland,FIN,2
Central African Republic,CAF,Total,TOT,France,FRA,329
Central African Republic,CAF,Total,TOT,French Guiana,GUF,0
Central African Republic,CAF,Total,TOT,French Polynesia,PYF,0
Central African Republic,CAF,Total,TOT,Gabon,GAB,1084
Central African Republic,CAF,Total,TOT,"Gambia, The",GMB,106
Central African Republic,CAF,Total,TOT,Georgia,GEO,0
Central African Republic,CAF,Total,TOT,Germany,DEU,737
Central African Republic,CAF,Total,TOT,Ghana,GHA,251
Central African Republic,CAF,Total,TOT,Gibraltar,GIB,0
Central African Republic,CAF,Total,TOT,Greece,GRC,27
Central African Republic,CAF,Total,TOT,Greenland,GRL,0
Central African Republic,CAF,Total,TOT,Grenada,GRD,0
Central African Republic,CAF,Total,TOT,Guadeloupe,GLP,3
Central African Republic,CAF,Total,TOT,Guam,GUM,0
Central African Republic,CAF,Total,TOT,Guatemala,GTM,1
Central African Republic,CAF,Total,TOT,Guinea,GIN,0
Central African Republic,CAF,Total,TOT,Guinea-Bissau,GNB,0
Central African Republic,CAF,Total,TOT,Guyana,GUY,0
Central African Republic,CAF,Total,TOT,Haiti,HTI,0
Central African Republic,CAF,Total,TOT,Honduras,HND,0
Central African Republic,CAF,Total,TOT,"Hong Kong SAR, China",HKG,4
Central African Republic,CAF,Total,TOT,Hungary,HUN,5
Central African Republic,CAF,Total,TOT,Iceland,ISL,0
Central African Republic,CAF,Total,TOT,India,IND,44
Central African Republic,CAF,Total,TOT,Indonesia,IDN,0
Central African Republic,CAF,Total,TOT,"Iran, Islamic Rep.",IRN,0
Central African Republic,CAF,Total,TOT,Iraq,IRQ,0
Central African Republic,CAF,Total,TOT,Ireland,IRL,1
Central African Republic,CAF,Total,TOT,Isle of Man,IMN,..
Central African Republic,CAF,Total,TOT,Israel,ISR,3
Central African Republic,CAF,Total,TOT,Italy,ITA,64
Central African Republic,CAF,Total,TOT,Jamaica,JAM,0
Central African Republic,CAF,Total,TOT,Japan,JPN,4
Central African Republic,CAF,Total,TOT,Jordan,JOR,0
Central African Republic,CAF,Total,TOT,Kazakhstan,KAZ,0
Central African Republic,CAF,Total,TOT,Kenya,KEN,219
Central African Republic,CAF,Total,TOT,Kiribati,KIR,0
Central African Republic,CAF,Total,TOT,"Korea, Dem. Rep.",PRK,0
Central African Republic,CAF,Total,TOT,"Korea, Rep.",KOR,0
Central African Republic,CAF,Total,TOT,Kosovo,XKX,..
Central African Republic,CAF,Total,TOT,Kuwait,KWT,0
Central African Republic,CAF,Total,TOT,Kyrgyz Republic,KGZ,0
Central African Republic,CAF,Total,TOT,Lao PDR,LAO,0
Central African Republic,CAF,Total,TOT,Latvia,LVA,2
Central African Republic,CAF,Total,TOT,Lebanon,LBN,0
Central African Republic,CAF,Total,TOT,Lesotho,LSO,0
Central African Republic,CAF,Total,TOT,Liberia,LBR,0
Central African Republic,CAF,Total,TOT,Libya,LBY,2
Central African Republic,CAF,Total,TOT,Liechtenstein,LIE,0
Central African Republic,CAF,Total,TOT,Lithuania,LTU,0
Central African Republic,CAF,Total,TOT,Luxembourg,LUX,9
Central African Republic,CAF,Total,TOT,"Macao SAR, China",MAC,0
Central African Republic,CAF,Total,TOT,"Macedonia, FYR",MKD,8
Central African Republic,CAF,Total,TOT,Madagascar,MDG,9
Central African Republic,CAF,Total,TOT,Malawi,MWI,3
Central African Republic,CAF,Total,TOT,Malaysia,MYS,1
Central African Republic,CAF,Total,TOT,Maldives,MDV,0
Central African Republic,CAF,Total,TOT,Mali,MLI,288
Central African Republic,CAF,Total,TOT,Malta,MLT,0
Central African Republic,CAF,Total,TOT,Marshall Islands,MHL,0
Central African Republic,CAF,Total,TOT,Martinique,MTQ,2
Central African Republic,CAF,Total,TOT,Mauritania,MRT,0
Central African Republic,CAF,Total,TOT,Mauritius,MUS,0
Central African Republic,CAF,Total,TOT,Mayotte,MYT,30
Central African Republic,CAF,Total,TOT,Mexico,MEX,1
Central African Republic,CAF,Total,TOT,"Micronesia, Fed. Sts.",FSM,0
Central African Republic,CAF,Total,TOT,Moldova,MDA,0
Central African Republic,CAF,Total,TOT,Monaco,MCO,3
Central African Republic,CAF,Total,TOT,Mongolia,MNG,0
Central African Republic,CAF,Total,TOT,Montenegro,MNE,..
Central African Republic,CAF,Total,TOT,Montserrat,MSR,0
Central African Republic,CAF,Total,TOT,Morocco,MAR,0
Central African Republic,CAF,Total,TOT,Mozambique,MOZ,4
Central African Republic,CAF,Total,TOT,Myanmar,MMR,0
Central African Republic,CAF,Total,TOT,Namibia,NAM,0
Central African Republic,CAF,Total,TOT,Naura,NRU,0
Central African Republic,CAF,Total,TOT,Nepal,NPL,0
Central African Republic,CAF,Total,TOT,Netherlands,NLD,35
Central African Republic,CAF,Total,TOT,Netherlands Antilles,ANT,0
Central African Republic,CAF,Total,TOT,New Caledonia,NCL,0
Central African Republic,CAF,Total,TOT,New Zealand,NZL,0
Central African Republic,CAF,Total,TOT,Nicaragua,NIC,2
Central African Republic,CAF,Total,TOT,Niger,NER,0
Central African Republic,CAF,Total,TOT,Nigeria,NGA,21
Central African Republic,CAF,Total,TOT,Niue,NIU,0
Central African Republic,CAF,Total,TOT,Norfolk Island,NFK,0
Central African Republic,CAF,Total,TOT,Northern Mariana Islands,MNP,0
Central African Republic,CAF,Total,TOT,Norway,NOR,0
Central African Republic,CAF,Total,TOT,Oman,OMN,0
Central African Republic,CAF,Total,TOT,Pakistan,PAK,3
Central African Republic,CAF,Total,TOT,Palau,PLW,0
Central African Republic,CAF,Total,TOT,Panama,PAN,6
Central African Republic,CAF,Total,TOT,Papua New Guinea,PNG,0
Central African Republic,CAF,Total,TOT,Paraguay,PRY,0
Central African Republic,CAF,Total,TOT,Peru,PER,0
Central African Republic,CAF,Total,TOT,Philippines,PHL,0
Central African Republic,CAF,Total,TOT,Poland,POL,1
Central African Republic,CAF,Total,TOT,Portugal,PRT,0
Central African Republic,CAF,Total,TOT,Puerto Rico,PRI,0
Central African Republic,CAF,Total,TOT,Qatar,QAT,0
Central African Republic,CAF,Total,TOT,Reunion,REU,0
Central African Republic,CAF,Total,TOT,Romania,ROU,0
Central African Republic,CAF,Total,TOT,Russian Federation,RUS,76
Central African Republic,CAF,Total,TOT,Rwanda,RWA,96
Central African Republic,CAF,Total,TOT,Saint Helena,SHN,0
Central African Republic,CAF,Total,TOT,Saint Pierre and Miquelon,SPM,0
Central African Republic,CAF,Total,TOT,Samoa,WSM,0
Central African Republic,CAF,Total,TOT,San Marino,SMR,0
Central African Republic,CAF,Total,TOT,Sao Tome and Principe,STP,0
Central African Republic,CAF,Total,TOT,Saudi Arabia,SAU,0
Central African Republic,CAF,Total,TOT,Senegal,SEN,2
Central African Republic,CAF,Total,TOT,Serbia,SRB,..
Central African Republic,CAF,Total,TOT,Serbia and Montenegro,SCG,2
Central African Republic,CAF,Total,TOT,Seychelles,SYC,0
Central African Republic,CAF,Total,TOT,Sierra Leone,SLE,0
Central African Republic,CAF,Total,TOT,Singapore,SGP,0
Central African Republic,CAF,Total,TOT,Slovak Republic,SVK,2
Central African Republic,CAF,Total,TOT,Slovenia,SVN,0
Central African Republic,CAF,Total,TOT,Solomon Islands,SLB,0
Central African Republic,CAF,Total,TOT,Somalia,SOM,6
Central African Republic,CAF,Total,TOT,South Africa,ZAF,52
Central African Republic,CAF,Total,TOT,Spain,ESP,51
Central African Republic,CAF,Total,TOT,Sri Lanka,LKA,0
Central African Republic,CAF,Total,TOT,St. Kitts and Nevis,KNA,0
Central African Republic,CAF,Total,TOT,St. Lucia,LCA,0
Central African Republic,CAF,Total,TOT,St. Vincent and the Grenadines,VCT,0
Central African Republic,CAF,Total,TOT,Sudan,SDN,2847
Central African Republic,CAF,Total,TOT,Suriname,SUR,0
Central African Republic,CAF,Total,TOT,Swaziland,SWZ,0
Central African Republic,CAF,Total,TOT,Sweden,SWE,11
Central African Republic,CAF,Total,TOT,Switzerland,CHE,43
Central African Republic,CAF,Total,TOT,Syrian Arab Republic,SYR,0
Central African Republic,CAF,Total,TOT,"Taiwan, China",TWN,0
Central African Republic,CAF,Total,TOT,Tajikistan,TJK,0
Central African Republic,CAF,Total,TOT,Tanzania,TZA,25
Central African Republic,CAF,Total,TOT,Thailand,THA,0
Central African Republic,CAF,Total,TOT,Timor-Leste,TLS,0
Central African Republic,CAF,Total,TOT,Togo,TGO,0
Central African Republic,CAF,Total,TOT,Tokelau,TKL,0
Central African Republic,CAF,Total,TOT,Tonga,TON,0
Central African Republic,CAF,Total,TOT,Trinidad and Tobago,TTO,0
Central African Republic,CAF,Total,TOT,Tunisia,TUN,1
Central African Republic,CAF,Total,TOT,Turkey,TUR,6
Central African Republic,CAF,Total,TOT,Turkmenistan,TKM,0
Central African Republic,CAF,Total,TOT,Turks and Caicos Islands,TCA,0
Central African Republic,CAF,Total,TOT,Tuvalu,TUV,0
Central African Republic,CAF,Total,TOT,Uganda,UGA,83
Central African Republic,CAF,Total,TOT,Ukraine,UKR,51
Central African Republic,CAF,Total,TOT,United Arab Emirates,ARE,0
Central African Republic,CAF,Total,TOT,United Kingdom,GBR,847
Central African Republic,CAF,Total,TOT,United States,USA,1213
Central African Republic,CAF,Total,TOT,Uruguay,URY,0
Central African Republic,CAF,Total,TOT,Uzbekistan,UZB,0
Central African Republic,CAF,Total,TOT,Vanuatu,VUT,0
Central African Republic,CAF,Total,TOT,"Venezuela, RB",VEN,0
Central African Republic,CAF,Total,TOT,Vietnam,VNM,0
Central African Republic,CAF,Total,TOT,Virgin Islands (U.S.),VIR,0
Central African Republic,CAF,Total,TOT,"Virgin Islands, British",VGB,0
Central African Republic,CAF,Total,TOT,Wallis and Futuna,WLF,0
Central African Republic,CAF,Total,TOT,West Bank and Gaza,PSE,0
Central African Republic,CAF,Total,TOT,"Yemen, Rep.",YEM,0
Central African Republic,CAF,Total,TOT,Zambia,ZMB,0
Central African Republic,CAF,Total,TOT,Zimbabwe,ZWE,10
"Congo, Dem. Rep.",COD,Total,TOT,Algeria,DZA,0
"Congo, Dem. Rep.",COD,Total,TOT,Afghanistan,AFG,8
"Congo, Dem. Rep.",COD,Total,TOT,Albania,ALB,0
"Congo, Dem. Rep.",COD,Total,TOT,American Samoa,ASM,0
"Congo, Dem. Rep.",COD,Total,TOT,Andorra,AND,13
"Congo, Dem. Rep.",COD,Total,TOT,Angola,AGO,2876
"Congo, Dem. Rep.",COD,Total,TOT,Anguilla,AIA,0
"Congo, Dem. Rep.",COD,Total,TOT,Antigua and Barbuda,ATG,0
"Congo, Dem. Rep.",COD,Total,TOT,Argentina,ARG,0
"Congo, Dem. Rep.",COD,Total,TOT,Armenia,ARM,93
"Congo, Dem. Rep.",COD,Total,TOT,Aruba,ABW,0
"Congo, Dem. Rep.",COD,Total,TOT,Australia,AUS,267
"Congo, Dem. Rep.",COD,Total,TOT,Austria,AUT,192
"Congo, Dem. Rep.",COD,Total,TOT,Azerbaijan,AZE,0
"Congo, Dem. Rep.",COD,Total,TOT,"Bahamas, The",BHS,0
"Congo, Dem. Rep.",COD,Total,TOT,Bahrain,BHR,0
"Congo, Dem. Rep.",COD,Total,TOT,Bangladesh,BGD,16
"Congo, Dem. Rep.",COD,Total,TOT,Barbados,BRB,0
"Congo, Dem. Rep.",COD,Total,TOT,Belarus,BLR,0
"Congo, Dem. Rep.",COD,Total,TOT,Belgium,BEL,11774
"Congo, Dem. Rep.",COD,Total,TOT,Belize,BLZ,0
"Congo, Dem. Rep.",COD,Total,TOT,Benin,BEN,5
"Congo, Dem. Rep.",COD,Total,TOT,Bermuda,BMU,4
"Congo, Dem. Rep.",COD,Total,TOT,Bhutan,BTN,0
"Congo, Dem. Rep.",COD,Total,TOT,Bolivia,BOL,6
"Congo, Dem. Rep.",COD,Total,TOT,Bosnia and Herzegovina,BIH,5
"Congo, Dem. Rep.",COD,Total,TOT,Botswana,BWA,1156
"Congo, Dem. Rep.",COD,Total,TOT,Brazil,BRA,78
"Congo, Dem. Rep.",COD,Total,TOT,Brunei Darussalam,BRN,0
"Congo, Dem. Rep.",COD,Total,TOT,Bulgaria,BGR,16
"Congo, Dem. Rep.",COD,Total,TOT,Burkina Faso,BFA,0
"Congo, Dem. Rep.",COD,Total,TOT,Burundi,BDI,13072
"Congo, Dem. Rep.",COD,Total,TOT,Cambodia,KHM,1
"Congo, Dem. Rep.",COD,Total,TOT,Cameroon,CMR,15382
"Congo, Dem. Rep.",COD,Total,TOT,Canada,CAN,9911
"Congo, Dem. Rep.",COD,Total,TOT,Cape Verde,CPV,0
"Congo, Dem. Rep.",COD,Total,TOT,Cayman Islands,CYM,0
"Congo, Dem. Rep.",COD,Total,TOT,Central African Republic,CAF,4724
"Congo, Dem. Rep.",COD,Total,TOT,Chad,TCD,417
"Congo, Dem. Rep.",COD,Total,TOT,Channel Islands,CHI,..
"Congo, Dem. Rep.",COD,Total,TOT,Chile,CHL,13
"Congo, Dem. Rep.",COD,Total,TOT,China,CHN,21
"Congo, Dem. Rep.",COD,Total,TOT,Colombia,COL,11
"Congo, Dem. Rep.",COD,Total,TOT,Comoros,COM,24
"Congo, Dem. Rep.",COD,Total,TOT,"Congo, Dem. Rep.",COD,0
"Congo, Dem. Rep.",COD,Total,TOT,"Congo, Rep.",COG,13781
"Congo, Dem. Rep.",COD,Total,TOT,Cook Islands,COK,0
"Congo, Dem. Rep.",COD,Total,TOT,Costa Rica,CRI,2
"Congo, Dem. Rep.",COD,Total,TOT,Cote d'Ivoire,CIV,9
"Congo, Dem. Rep.",COD,Total,TOT,Croatia,HRV,1
"Congo, Dem. Rep.",COD,Total,TOT,Cuba,CUB,0
"Congo, Dem. Rep.",COD,Total,TOT,Cyprus,CYP,311
"Congo, Dem. Rep.",COD,Total,TOT,Czech Republic,CZE,33
"Congo, Dem. Rep.",COD,Total,TOT,Denmark,DNK,167
"Congo, Dem. Rep.",COD,Total,TOT,Djibouti,DJI,1883
"Congo, Dem. Rep.",COD,Total,TOT,Dominica,DMA,0
"Congo, Dem. Rep.",COD,Total,TOT,Dominican Republic,DOM,7
"Congo, Dem. Rep.",COD,Total,TOT,Ecuador,ECU,0
"Congo, Dem. Rep.",COD,Total,TOT,"Egypt, Arab Rep.",EGY,102
"Congo, Dem. Rep.",COD,Total,TOT,El Salvador,SLV,0
"Congo, Dem. Rep.",COD,Total,TOT,Equatorial Guinea,GNQ,35
"Congo, Dem. Rep.",COD,Total,TOT,Eritrea,ERI,1335
"Congo, Dem. Rep.",COD,Total,TOT,Estonia,EST,0
"Congo, Dem. Rep.",COD,Total,TOT,Ethiopia,ETH,6179
"Congo, Dem. Rep.",COD,Total,TOT,Faeroe Islands,FRO,0
"Congo, Dem. Rep.",COD,Total,TOT,Falkland Islands (Malvinas),FLK,0
"Congo, Dem. Rep.",COD,Total,TOT,Fiji,FJI,0
"Congo, Dem. Rep.",COD,Total,TOT,Finland,FIN,313
"Congo, Dem. Rep.",COD,Total,TOT,France,FRA,2535
"Congo, Dem. Rep.",COD,Total,TOT,French Guiana,GUF,4
"Congo, Dem. Rep.",COD,Total,TOT,French Polynesia,PYF,2
"Congo, Dem. Rep.",COD,Total,TOT,Gabon,GAB,4208
"Congo, Dem. Rep.",COD,Total,TOT,"Gambia, The",GMB,626
"Congo, Dem. Rep.",COD,Total,TOT,Georgia,GEO,0
"Congo, Dem. Rep.",COD,Total,TOT,Germany,DEU,11877
"Congo, Dem. Rep.",COD,Total,TOT,Ghana,GHA,16
"Congo, Dem. Rep.",COD,Total,TOT,Gibraltar,GIB,0
"Congo, Dem. Rep.",COD,Total,TOT,Greece,GRC,107
"Congo, Dem. Rep.",COD,Total,TOT,Greenland,GRL,0
"Congo, Dem. Rep.",COD,Total,TOT,Grenada,GRD,0
"Congo, Dem. Rep.",COD,Total,TOT,Guadeloupe,GLP,1
"Congo, Dem. Rep.",COD,Total,TOT,Guam,GUM,0
"Congo, Dem. Rep.",COD,Total,TOT,Guatemala,GTM,0
"Congo, Dem. Rep.",COD,Total,TOT,Guinea,GIN,0
"Congo, Dem. Rep.",COD,Total,TOT,Guinea-Bissau,GNB,0
"Congo, Dem. Rep.",COD,Total,TOT,Guyana,GUY,0
"Congo, Dem. Rep.",COD,Total,TOT,Haiti,HTI,0
"Congo, Dem. Rep.",COD,Total,TOT,Honduras,HND,0
"Congo, Dem. Rep.",COD,Total,TOT,"Hong Kong SAR, China",HKG,59
"Congo, Dem. Rep.",COD,Total,TOT,Hungary,HUN,23
"Congo, Dem. Rep.",COD,Total,TOT,Iceland,ISL,2
"Congo, Dem. Rep.",COD,Total,TOT,India,IND,730
"Congo, Dem. Rep.",COD,Total,TOT,Indonesia,IDN,11
"Congo, Dem. Rep.",COD,Total,TOT,"Iran, Islamic Rep.",IRN,0
"Congo, Dem. Rep.",COD,Total,TOT,Iraq,IRQ,0
"Congo, Dem. Rep.",COD,Total,TOT,Ireland,IRL,88
"Congo, Dem. Rep.",COD,Total,TOT,Isle of Man,IMN,..
"Congo, Dem. Rep.",COD,Total,TOT,Israel,ISR,9
"Congo, Dem. Rep.",COD,Total,TOT,Italy,ITA,2038
"Congo, Dem. Rep.",COD,Total,TOT,Jamaica,JAM,0
"Congo, Dem. Rep.",COD,Total,TOT,Japan,JPN,232
"Congo, Dem. Rep.",COD,Total,TOT,Jordan,JOR,7
"Congo, Dem. Rep.",COD,Total,TOT,Kazakhstan,KAZ,0
"Congo, Dem. Rep.",COD,Total,TOT,Kenya,KEN,4108
"Congo, Dem. Rep.",COD,Total,TOT,Kiribati,KIR,0
"Congo, Dem. Rep.",COD,Total,TOT,"Korea, Dem. Rep.",PRK,2
"Congo, Dem. Rep.",COD,Total,TOT,"Korea, Rep.",KOR,0
"Congo, Dem. Rep.",COD,Total,TOT,Kosovo,XKX,..
"Congo, Dem. Rep.",COD,Total,TOT,Kuwait,KWT,0
"Congo, Dem. Rep.",COD,Total,TOT,Kyrgyz Republic,KGZ,0
"Congo, Dem. Rep.",COD,Total,TOT,Lao PDR,LAO,0
"Congo, Dem. Rep.",COD,Total,TOT,Latvia,LVA,2
"Congo, Dem. Rep.",COD,Total,TOT,Lebanon,LBN,0
"Congo, Dem. Rep.",COD,Total,TOT,Lesotho,LSO,138
"Congo, Dem. Rep.",COD,Total,TOT,Liberia,LBR,0
"Congo, Dem. Rep.",COD,Total,TOT,Libya,LBY,3
"Congo, Dem. Rep.",COD,Total,TOT,Liechtenstein,LIE,0
"Congo, Dem. Rep.",COD,Total,TOT,Lithuania,LTU,0
"Congo, Dem. Rep.",COD,Total,TOT,Luxembourg,LUX,568
"Congo, Dem. Rep.",COD,Total,TOT,"Macao SAR, China",MAC,0
"Congo, Dem. Rep.",COD,Total,TOT,"Macedonia, FYR",MKD,64
"Congo, Dem. Rep.",COD,Total,TOT,Madagascar,MDG,58
"Congo, Dem. Rep.",COD,Total,TOT,Malawi,MWI,2655
"Congo, Dem. Rep.",COD,Total,TOT,Malaysia,MYS,18
"Congo, Dem. Rep.",COD,Total,TOT,Maldives,MDV,0
"Congo, Dem. Rep.",COD,Total,TOT,Mali,MLI,0
"Congo, Dem. Rep.",COD,Total,TOT,Malta,MLT,0
"Congo, Dem. Rep.",COD,Total,TOT,Marshall Islands,MHL,0
"Congo, Dem. Rep.",COD,Total,TOT,Martinique,MTQ,2
"Congo, Dem. Rep.",COD,Total,TOT,Mauritania,MRT,37
"Congo, Dem. Rep.",COD,Total,TOT,Mauritius,MUS,15
"Congo, Dem. Rep.",COD,Total,TOT,Mayotte,MYT,566
"Congo, Dem. Rep.",COD,Total,TOT,Mexico,MEX,11
"Congo, Dem. Rep.",COD,Total,TOT,"Micronesia, Fed. Sts.",FSM,0
"Congo, Dem. Rep.",COD,Total,TOT,Moldova,MDA,0
"Congo, Dem. Rep.",COD,Total,TOT,Monaco,MCO,22
"Congo, Dem. Rep.",COD,Total,TOT,Mongolia,MNG,0
"Congo, Dem. Rep.",COD,Total,TOT,Montenegro,MNE,..
"Congo, Dem. Rep.",COD,Total,TOT,Montserrat,MSR,0
"Congo, Dem. Rep.",COD,Total,TOT,Morocco,MAR,0
"Congo, Dem. Rep.",COD,Total,TOT,Mozambique,MOZ,1572
"Congo, Dem. Rep.",COD,Total,TOT,Myanmar,MMR,3
"Congo, Dem. Rep.",COD,Total,TOT,Namibia,NAM,89
"Congo, Dem. Rep.",COD,Total,TOT,Naura,NRU,0
"Congo, Dem. Rep.",COD,Total,TOT,Nepal,NPL,9
"Congo, Dem. Rep.",COD,Total,TOT,Netherlands,NLD,5283
"Congo, Dem. Rep.",COD,Total,TOT,Netherlands Antilles,ANT,0
"Congo, Dem. Rep.",COD,Total,TOT,New Caledonia,NCL,1
"Congo, Dem. Rep.",COD,Total,TOT,New Zealand,NZL,59
"Congo, Dem. Rep.",COD,Total,TOT,Nicaragua,NIC,20
"Congo, Dem. Rep.",COD,Total,TOT,Niger,NER,6
"Congo, Dem. Rep.",COD,Total,TOT,Nigeria,NGA,144
"Congo, Dem. Rep.",COD,Total,TOT,Niue,NIU,0
"Congo, Dem. Rep.",COD,Total,TOT,Norfolk Island,NFK,0
"Congo, Dem. Rep.",COD,Total,TOT,Northern Mariana Islands,MNP,0
"Congo, Dem. Rep.",COD,Total,TOT,Norway,NOR,0
"Congo, Dem. Rep.",COD,Total,TOT,Oman,OMN,0
"Congo, Dem. Rep.",COD,Total,TOT,Pakistan,PAK,46
"Congo, Dem. Rep.",COD,Total,TOT,Palau,PLW,0
"Congo, Dem. Rep.",COD,Total,TOT,Panama,PAN,5
"Congo, Dem. Rep.",COD,Total,TOT,Papua New Guinea,PNG,0
"Congo, Dem. Rep.",COD,Total,TOT,Paraguay,PRY,0
"Congo, Dem. Rep.",COD,Total,TOT,Peru,PER,84
"Congo, Dem. Rep.",COD,Total,TOT,Philippines,PHL,22
"Congo, Dem. Rep.",COD,Total,TOT,Poland,POL,37
"Congo, Dem. Rep.",COD,Total,TOT,Portugal,PRT,1660
"Congo, Dem. Rep.",COD,Total,TOT,Puerto Rico,PRI,0
"Congo, Dem. Rep.",COD,Total,TOT,Qatar,QAT,1
"Congo, Dem. Rep.",COD,Total,TOT,Reunion,REU,241
"Congo, Dem. Rep.",COD,Total,TOT,Romania,ROU,0
"Congo, Dem. Rep.",COD,Total,TOT,Russian Federation,RUS,1242
"Congo, Dem. Rep.",COD,Total,TOT,Rwanda,RWA,288278
"Congo, Dem. Rep.",COD,Total,TOT,Saint Helena,SHN,0
"Congo, Dem. Rep.",COD,Total,TOT,Saint Pierre and Miquelon,SPM,0
"Congo, Dem. Rep.",COD,Total,TOT,Samoa,WSM,0
"Congo, Dem. Rep.",COD,Total,TOT,San Marino,SMR,0
"Congo, Dem. Rep.",COD,Total,TOT,Sao Tome and Principe,STP,4
"Congo, Dem. Rep.",COD,Total,TOT,Saudi Arabia,SAU,0
"Congo, Dem. Rep.",COD,Total,TOT,Senegal,SEN,0
"Congo, Dem. Rep.",COD,Total,TOT,Serbia,SRB,..
"Congo, Dem. Rep.",COD,Total,TOT,Serbia and Montenegro,SCG,13
"Congo, Dem. Rep.",COD,Total,TOT,Seychelles,SYC,24
"Congo, Dem. Rep.",COD,Total,TOT,Sierra Leone,SLE,0
"Congo, Dem. Rep.",COD,Total,TOT,Singapore,SGP,11
"Congo, Dem. Rep.",COD,Total,TOT,Slovak Republic,SVK,6
"Congo, Dem. Rep.",COD,Total,TOT,Slovenia,SVN,8
"Congo, Dem. Rep.",COD,Total,TOT,Solomon Islands,SLB,0
"Congo, Dem. Rep.",COD,Total,TOT,Somalia,SOM,2561
"Congo, Dem. Rep.",COD,Total,TOT,South Africa,ZAF,3827
"Congo, Dem. Rep.",COD,Total,TOT,Spain,ESP,621
"Congo, Dem. Rep.",COD,Total,TOT,Sri Lanka,LKA,0
"Congo, Dem. Rep.",COD,Total,TOT,St. Kitts and Nevis,KNA,0
"Congo, Dem. Rep.",COD,Total,TOT,St. Lucia,LCA,0
"Congo, Dem. Rep.",COD,Total,TOT,St. Vincent and the Grenadines,VCT,0
"Congo, Dem. Rep.",COD,Total,TOT,Sudan,SDN,53612
"Congo, Dem. Rep.",COD,Total,TOT,Suriname,SUR,0
"Congo, Dem. Rep.",COD,Total,TOT,Swaziland,SWZ,101
"Congo, Dem. Rep.",COD,Total,TOT,Sweden,SWE,988
"Congo, Dem. Rep.",COD,Total,TOT,Switzerland,CHE,4356
"Congo, Dem. Rep.",COD,Total,TOT,Syrian Arab Republic,SYR,0
"Congo, Dem. Rep.",COD,Total,TOT,"Taiwan, China",TWN,1
"Congo, Dem. Rep.",COD,Total,TOT,Tajikistan,TJK,0
"Congo, Dem. Rep.",COD,Total,TOT,Tanzania,TZA,24039
"Congo, Dem. Rep.",COD,Total,TOT,Thailand,THA,381
"Congo, Dem. Rep.",COD,Total,TOT,Timor-Leste,TLS,0
"Congo, Dem. Rep.",COD,Total,TOT,Togo,TGO,0
"Congo, Dem. Rep.",COD,Total,TOT,Tokelau,TKL,0
"Congo, Dem. Rep.",COD,Total,TOT,Tonga,TON,0
"Congo, Dem. Rep.",COD,Total,TOT,Trinidad and Tobago,TTO,0
"Congo, Dem. Rep.",COD,Total,TOT,Tunisia,TUN,2
"Congo, Dem. Rep.",COD,Total,TOT,Turkey,TUR,20
"Congo, Dem. Rep.",COD,Total,TOT,Turkmenistan,TKM,0
"Congo, Dem. Rep.",COD,Total,TOT,Turks and Caicos Islands,TCA,0
"Congo, Dem. Rep.",COD,Total,TOT,Tuvalu,TUV,0
"Congo, Dem. Rep.",COD,Total,TOT,Uganda,UGA,86624
"Congo, Dem. Rep.",COD,Total,TOT,Ukraine,UKR,839
"Congo, Dem. Rep.",COD,Total,TOT,United Arab Emirates,ARE,2
"Congo, Dem. Rep.",COD,Total,TOT,United Kingdom,GBR,6532
"Congo, Dem. Rep.",COD,Total,TOT,United States,USA,12960
"Congo, Dem. Rep.",COD,Total,TOT,Uruguay,URY,2
"Congo, Dem. Rep.",COD,Total,TOT,Uzbekistan,UZB,0
"Congo, Dem. Rep.",COD,Total,TOT,Vanuatu,VUT,0
"Congo, Dem. Rep.",COD,Total,TOT,"Venezuela, RB",VEN,8
"Congo, Dem. Rep.",COD,Total,TOT,Vietnam,VNM,5
"Congo, Dem. Rep.",COD,Total,TOT,Virgin Islands (U.S.),VIR,0
"Congo, Dem. Rep.",COD,Total,TOT,"Virgin Islands, British",VGB,0
"Congo, Dem. Rep.",COD,Total,TOT,Wallis and Futuna,WLF,0
"Congo, Dem. Rep.",COD,Total,TOT,West Bank and Gaza,PSE,0
"Congo, Dem. Rep.",COD,Total,TOT,"Yemen, Rep.",YEM,0
"Congo, Dem. Rep.",COD,Total,TOT,Zambia,ZMB,16601
"Congo, Dem. Rep.",COD,Total,TOT,Zimbabwe,ZWE,170
Somalia,SOM,Total,TOT,Algeria,DZA,5
Somalia,SOM,Total,TOT,Afghanistan,AFG,2
Somalia,SOM,Total,TOT,Albania,ALB,0
Somalia,SOM,Total,TOT,American Samoa,ASM,0
Somalia,SOM,Total,TOT,Andorra,AND,7
Somalia,SOM,Total,TOT,Angola,AGO,1
Somalia,SOM,Total,TOT,Anguilla,AIA,0
Somalia,SOM,Total,TOT,Antigua and Barbuda,ATG,0
Somalia,SOM,Total,TOT,Argentina,ARG,0
Somalia,SOM,Total,TOT,Armenia,ARM,0
Somalia,SOM,Total,TOT,Aruba,ABW,0
Somalia,SOM,Total,TOT,Australia,AUS,3689
Somalia,SOM,Total,TOT,Austria,AUT,143
Somalia,SOM,Total,TOT,Azerbaijan,AZE,0
Somalia,SOM,Total,TOT,"Bahamas, The",BHS,2
Somalia,SOM,Total,TOT,Bahrain,BHR,139
Somalia,SOM,Total,TOT,Bangladesh,BGD,4
Somalia,SOM,Total,TOT,Barbados,BRB,0
Somalia,SOM,Total,TOT,Belarus,BLR,0
Somalia,SOM,Total,TOT,Belgium,BEL,428
Somalia,SOM,Total,TOT,Belize,BLZ,0
Somalia,SOM,Total,TOT,Benin,BEN,9
Somalia,SOM,Total,TOT,Bermuda,BMU,7
Somalia,SOM,Total,TOT,Bhutan,BTN,0
Somalia,SOM,Total,TOT,Bolivia,BOL,0
Somalia,SOM,Total,TOT,Bosnia and Herzegovina,BIH,4
Somalia,SOM,Total,TOT,Botswana,BWA,3
Somalia,SOM,Total,TOT,Brazil,BRA,10
Somalia,SOM,Total,TOT,Brunei Darussalam,BRN,0
Somalia,SOM,Total,TOT,Bulgaria,BGR,9
Somalia,SOM,Total,TOT,Burkina Faso,BFA,0
Somalia,SOM,Total,TOT,Burundi,BDI,71
Somalia,SOM,Total,TOT,Cambodia,KHM,0
Somalia,SOM,Total,TOT,Cameroon,CMR,195
Somalia,SOM,Total,TOT,Canada,CAN,19798
Somalia,SOM,Total,TOT,Cape Verde,CPV,0
Somalia,SOM,Total,TOT,Cayman Islands,CYM,0
Somalia,SOM,Total,TOT,Central African Republic,CAF,3
Somalia,SOM,Total,TOT,Chad,TCD,40
Somalia,SOM,Total,TOT,Channel Islands,CHI,..
Somalia,SOM,Total,TOT,Chile,CHL,0
Somalia,SOM,Total,TOT,China,CHN,2
Somalia,SOM,Total,TOT,Colombia,COL,0
Somalia,SOM,Total,TOT,Comoros,COM,8
Somalia,SOM,Total,TOT,"Congo, Dem. Rep.",COD,1991
Somalia,SOM,Total,TOT,"Congo, Rep.",COG,4
Somalia,SOM,Total,TOT,Cook Islands,COK,0
Somalia,SOM,Total,TOT,Costa Rica,CRI,1
Somalia,SOM,Total,TOT,Cote d'Ivoire,CIV,88
Somalia,SOM,Total,TOT,Croatia,HRV,0
Somalia,SOM,Total,TOT,Cuba,CUB,0
Somalia,SOM,Total,TOT,Cyprus,CYP,6
Somalia,SOM,Total,TOT,Czech Republic,CZE,6
Somalia,SOM,Total,TOT,Denmark,DNK,11556
Somalia,SOM,Total,TOT,Djibouti,DJI,41968
Somalia,SOM,Total,TOT,Dominica,DMA,0
Somalia,SOM,Total,TOT,Dominican Republic,DOM,4
Somalia,SOM,Total,TOT,Ecuador,ECU,0
Somalia,SOM,Total,TOT,"Egypt, Arab Rep.",EGY,1418
Somalia,SOM,Total,TOT,El Salvador,SLV,0
Somalia,SOM,Total,TOT,Equatorial Guinea,GNQ,5
Somalia,SOM,Total,TOT,Eritrea,ERI,292
Somalia,SOM,Total,TOT,Estonia,EST,0
Somalia,SOM,Total,TOT,Ethiopia,ETH,101938
Somalia,SOM,Total,TOT,Faeroe Islands,FRO,0
Somalia,SOM,Total,TOT,Falkland Islands (Malvinas),FLK,0
Somalia,SOM,Total,TOT,Fiji,FJI,0
Somalia,SOM,Total,TOT,Finland,FIN,3941
Somalia,SOM,Total,TOT,France,FRA,1701
Somalia,SOM,Total,TOT,French Guiana,GUF,0
Somalia,SOM,Total,TOT,French Polynesia,PYF,19
Somalia,SOM,Total,TOT,Gabon,GAB,12
Somalia,SOM,Total,TOT,"Gambia, The",GMB,107
Somalia,SOM,Total,TOT,Georgia,GEO,0
Somalia,SOM,Total,TOT,Germany,DEU,5853
Somalia,SOM,Total,TOT,Ghana,GHA,44
Somalia,SOM,Total,TOT,Gibraltar,GIB,0
Somalia,SOM,Total,TOT,Greece,GRC,26
Somalia,SOM,Total,TOT,Greenland,GRL,0
Somalia,SOM,Total,TOT,Grenada,GRD,0
Somalia,SOM,Total,TOT,Guadeloupe,GLP,2
Somalia,SOM,Total,TOT,Guam,GUM,1
Somalia,SOM,Total,TOT,Guatemala,GTM,0
Somalia,SOM,Total,TOT,Guinea,GIN,3
Somalia,SOM,Total,TOT,Guinea-Bissau,GNB,0
Somalia,SOM,Total,TOT,Guyana,GUY,0
Somalia,SOM,Total,TOT,Haiti,HTI,0
Somalia,SOM,Total,TOT,Honduras,HND,0
Somalia,SOM,Total,TOT,"Hong Kong SAR, China",HKG,16
Somalia,SOM,Total,TOT,Hungary,HUN,21
Somalia,SOM,Total,TOT,Iceland,ISL,0
Somalia,SOM,Total,TOT,India,IND,181
Somalia,SOM,Total,TOT,Indonesia,IDN,94
Somalia,SOM,Total,TOT,"Iran, Islamic Rep.",IRN,24
Somalia,SOM,Total,TOT,Iraq,IRQ,0
Somalia,SOM,Total,TOT,Ireland,IRL,388
Somalia,SOM,Total,TOT,Isle of Man,IMN,..
Somalia,SOM,Total,TOT,Israel,ISR,11
Somalia,SOM,Total,TOT,Italy,ITA,6864
Somalia,SOM,Total,TOT,Jamaica,JAM,0
Somalia,SOM,Total,TOT,Japan,JPN,7
Somalia,SOM,Total,TOT,Jordan,JOR,75
Somalia,SOM,Total,TOT,Kazakhstan,KAZ,0
Somalia,SOM,Total,TOT,Kenya,KEN,36512
Somalia,SOM,Total,TOT,Kiribati,KIR,0
Somalia,SOM,Total,TOT,"Korea, Dem. Rep.",PRK,0
Somalia,SOM,Total,TOT,"Korea, Rep.",KOR,0
Somalia,SOM,Total,TOT,Kosovo,XKX,..
Somalia,SOM,Total,TOT,Kuwait,KWT,1048
Somalia,SOM,Total,TOT,Kyrgyz Republic,KGZ,1
Somalia,SOM,Total,TOT,Lao PDR,LAO,0
Somalia,SOM,Total,TOT,Latvia,LVA,1
Somalia,SOM,Total,TOT,Lebanon,LBN,682
Somalia,SOM,Total,TOT,Lesotho,LSO,3
Somalia,SOM,Total,TOT,Liberia,LBR,0
Somalia,SOM,Total,TOT,Libya,LBY,71
Somalia,SOM,Total,TOT,Liechtenstein,LIE,0
Somalia,SOM,Total,TOT,Lithuania,LTU,3
Somalia,SOM,Total,TOT,Luxembourg,LUX,11
Somalia,SOM,Total,TOT,"Macao SAR, China",MAC,0
Somalia,SOM,Total,TOT,"Macedonia, FYR",MKD,53
Somalia,SOM,Total,TOT,Madagascar,MDG,4
Somalia,SOM,Total,TOT,Malawi,MWI,169
Somalia,SOM,Total,TOT,Malaysia,MYS,5
Somalia,SOM,Total,TOT,Maldives,MDV,0
Somalia,SOM,Total,TOT,Mali,MLI,0
Somalia,SOM,Total,TOT,Malta,MLT,0
Somalia,SOM,Total,TOT,Marshall Islands,MHL,0
Somalia,SOM,Total,TOT,Martinique,MTQ,2
Somalia,SOM,Total,TOT,Mauritania,MRT,8
Somalia,SOM,Total,TOT,Mauritius,MUS,0
Somalia,SOM,Total,TOT,Mayotte,MYT,55
Somalia,SOM,Total,TOT,Mexico,MEX,6
Somalia,SOM,Total,TOT,"Micronesia, Fed. Sts.",FSM,0
Somalia,SOM,Total,TOT,Moldova,MDA,0
Somalia,SOM,Total,TOT,Monaco,MCO,18
Somalia,SOM,Total,TOT,Mongolia,MNG,0
Somalia,SOM,Total,TOT,Montenegro,MNE,..
Somalia,SOM,Total,TOT,Montserrat,MSR,0
Somalia,SOM,Total,TOT,Morocco,MAR,6
Somalia,SOM,Total,TOT,Mozambique,MOZ,39
Somalia,SOM,Total,TOT,Myanmar,MMR,0
Somalia,SOM,Total,TOT,Namibia,NAM,2
Somalia,SOM,Total,TOT,Naura,NRU,0
Somalia,SOM,Total,TOT,Nepal,NPL,2
Somalia,SOM,Total,TOT,Netherlands,NLD,19962
Somalia,SOM,Total,TOT,Netherlands Antilles,ANT,0
Somalia,SOM,Total,TOT,New Caledonia,NCL,11
Somalia,SOM,Total,TOT,New Zealand,NZL,1738
Somalia,SOM,Total,TOT,Nicaragua,NIC,16
Somalia,SOM,Total,TOT,Niger,NER,10
Somalia,SOM,Total,TOT,Nigeria,NGA,273
Somalia,SOM,Total,TOT,Niue,NIU,0
Somalia,SOM,Total,TOT,Norfolk Island,NFK,0
Somalia,SOM,Total,TOT,Northern Mariana Islands,MNP,0
Somalia,SOM,Total,TOT,Norway,NOR,6582
Somalia,SOM,Total,TOT,Oman,OMN,336
Somalia,SOM,Total,TOT,Pakistan,PAK,11
Somalia,SOM,Total,TOT,Palau,PLW,0
Somalia,SOM,Total,TOT,Panama,PAN,0
Somalia,SOM,Total,TOT,Papua New Guinea,PNG,4
Somalia,SOM,Total,TOT,Paraguay,PRY,0
Somalia,SOM,Total,TOT,Peru,PER,5
Somalia,SOM,Total,TOT,Philippines,PHL,5
Somalia,SOM,Total,TOT,Poland,POL,13
Somalia,SOM,Total,TOT,Portugal,PRT,0
Somalia,SOM,Total,TOT,Puerto Rico,PRI,0
Somalia,SOM,Total,TOT,Qatar,QAT,1019
Somalia,SOM,Total,TOT,Reunion,REU,9
Somalia,SOM,Total,TOT,Romania,ROU,0
Somalia,SOM,Total,TOT,Russian Federation,RUS,0
Somalia,SOM,Total,TOT,Rwanda,RWA,95
Somalia,SOM,Total,TOT,Saint Helena,SHN,0
Somalia,SOM,Total,TOT,Saint Pierre and Miquelon,SPM,0
Somalia,SOM,Total,TOT,Samoa,WSM,0
Somalia,SOM,Total,TOT,San Marino,SMR,0
Somalia,SOM,Total,TOT,Sao Tome and Principe,STP,0
Somalia,SOM,Total,TOT,Saudi Arabia,SAU,20163
Somalia,SOM,Total,TOT,Senegal,SEN,0
Somalia,SOM,Total,TOT,Serbia,SRB,..
Somalia,SOM,Total,TOT,Serbia and Montenegro,SCG,11
Somalia,SOM,Total,TOT,Seychelles,SYC,0
Somalia,SOM,Total,TOT,Sierra Leone,SLE,0
Somalia,SOM,Total,TOT,Singapore,SGP,4
Somalia,SOM,Total,TOT,Slovak Republic,SVK,2
Somalia,SOM,Total,TOT,Slovenia,SVN,0
Somalia,SOM,Total,TOT,Solomon Islands,SLB,0
Somalia,SOM,Total,TOT,Somalia,SOM,0
Somalia,SOM,Total,TOT,South Africa,ZAF,1401
Somalia,SOM,Total,TOT,Spain,ESP,111
Somalia,SOM,Total,TOT,Sri Lanka,LKA,0
Somalia,SOM,Total,TOT,St. Kitts and Nevis,KNA,0
Somalia,SOM,Total,TOT,St. Lucia,LCA,0
Somalia,SOM,Total,TOT,St. Vincent and the Grenadines,VCT,0
Somalia,SOM,Total,TOT,Sudan,SDN,5202
Somalia,SOM,Total,TOT,Suriname,SUR,0
Somalia,SOM,Total,TOT,Swaziland,SWZ,3
Somalia,SOM,Total,TOT,Sweden,SWE,12936
Somalia,SOM,Total,TOT,Switzerland,CHE,4979
Somalia,SOM,Total,TOT,Syrian Arab Republic,SYR,269
Somalia,SOM,Total,TOT,"Taiwan, China",TWN,0
Somalia,SOM,Total,TOT,Tajikistan,TJK,0
Somalia,SOM,Total,TOT,Tanzania,TZA,718
Somalia,SOM,Total,TOT,Thailand,THA,83
Somalia,SOM,Total,TOT,Timor-Leste,TLS,0
Somalia,SOM,Total,TOT,Togo,TGO,0
Somalia,SOM,Total,TOT,Tokelau,TKL,0
Somalia,SOM,Total,TOT,Tonga,TON,0
Somalia,SOM,Total,TOT,Trinidad and Tobago,TTO,0
Somalia,SOM,Total,TOT,Tunisia,TUN,1
Somalia,SOM,Total,TOT,Turkey,TUR,25
Somalia,SOM,Total,TOT,Turkmenistan,TKM,0
Somalia,SOM,Total,TOT,Turks and Caicos Islands,TCA,0
Somalia,SOM,Total,TOT,Tuvalu,TUV,0
Somalia,SOM,Total,TOT,Uganda,UGA,152
Somalia,SOM,Total,TOT,Ukraine,UKR,0
Somalia,SOM,Total,TOT,United Arab Emirates,ARE,3293
Somalia,SOM,Total,TOT,United Kingdom,GBR,18001
Somalia,SOM,Total,TOT,United States,USA,36762
Somalia,SOM,Total,TOT,Uruguay,URY,3
Somalia,SOM,Total,TOT,Uzbekistan,UZB,0
Somalia,SOM,Total,TOT,Vanuatu,VUT,0
Somalia,SOM,Total,TOT,"Venezuela, RB",VEN,2
Somalia,SOM,Total,TOT,Vietnam,VNM,2
Somalia,SOM,Total,TOT,Virgin Islands (U.S.),VIR,0
Somalia,SOM,Total,TOT,"Virgin Islands, British",VGB,0
Somalia,SOM,Total,TOT,Wallis and Futuna,WLF,0
Somalia,SOM,Total,TOT,West Bank and Gaza,PSE,2
Somalia,SOM,Total,TOT,"Yemen, Rep.",YEM,0
Somalia,SOM,Total,TOT,Zambia,ZMB,2
Somalia,SOM,Total,TOT,Zimbabwe,ZWE,293
Syrian Arab Republic,SYR,Total,TOT,Algeria,DZA,45
Syrian Arab Republic,SYR,Total,TOT,Afghanistan,AFG,1
Syrian Arab Republic,SYR,Total,TOT,Albania,ALB,8
Syrian Arab Republic,SYR,Total,TOT,American Samoa,ASM,0
Syrian Arab Republic,SYR,Total,TOT,Andorra,AND,9
Syrian Arab Republic,SYR,Total,TOT,Angola,AGO,0
Syrian Arab Republic,SYR,Total,TOT,Anguilla,AIA,0
Syrian Arab Republic,SYR,Total,TOT,Antigua and Barbuda,ATG,16
Syrian Arab Republic,SYR,Total,TOT,Argentina,ARG,2577
Syrian Arab Republic,SYR,Total,TOT,Armenia,ARM,5345
Syrian Arab Republic,SYR,Total,TOT,Aruba,ABW,30
Syrian Arab Republic,SYR,Total,TOT,Australia,AUS,6614
Syrian Arab Republic,SYR,Total,TOT,Austria,AUT,825
Syrian Arab Republic,SYR,Total,TOT,Azerbaijan,AZE,0
Syrian Arab Republic,SYR,Total,TOT,"Bahamas, The",BHS,4
Syrian Arab Republic,SYR,Total,TOT,Bahrain,BHR,7786
Syrian Arab Republic,SYR,Total,TOT,Bangladesh,BGD,43
Syrian Arab Republic,SYR,Total,TOT,Barbados,BRB,7
Syrian Arab Republic,SYR,Total,TOT,Belarus,BLR,0
Syrian Arab Republic,SYR,Total,TOT,Belgium,BEL,690
Syrian Arab Republic,SYR,Total,TOT,Belize,BLZ,16
Syrian Arab Republic,SYR,Total,TOT,Benin,BEN,23
Syrian Arab Republic,SYR,Total,TOT,Bermuda,BMU,7
Syrian Arab Republic,SYR,Total,TOT,Bhutan,BTN,0
Syrian Arab Republic,SYR,Total,TOT,Bolivia,BOL,14
Syrian Arab Republic,SYR,Total,TOT,Bosnia and Herzegovina,BIH,4
Syrian Arab Republic,SYR,Total,TOT,Botswana,BWA,0
Syrian Arab Republic,SYR,Total,TOT,Brazil,BRA,3281
Syrian Arab Republic,SYR,Total,TOT,Brunei Darussalam,BRN,0
Syrian Arab Republic,SYR,Total,TOT,Bulgaria,BGR,2170
Syrian Arab Republic,SYR,Total,TOT,Burkina Faso,BFA,2
Syrian Arab Republic,SYR,Total,TOT,Burundi,BDI,0
Syrian Arab Republic,SYR,Total,TOT,Cambodia,KHM,5
Syrian Arab Republic,SYR,Total,TOT,Cameroon,CMR,19
Syrian Arab Republic,SYR,Total,TOT,Canada,CAN,15586
Syrian Arab Republic,SYR,Total,TOT,Cape Verde,CPV,0
Syrian Arab Republic,SYR,Total,TOT,Cayman Islands,CYM,7
Syrian Arab Republic,SYR,Total,TOT,Central African Republic,CAF,6
Syrian Arab Republic,SYR,Total,TOT,Chad,TCD,16
Syrian Arab Republic,SYR,Total,TOT,Channel Islands,CHI,..
Syrian Arab Republic,SYR,Total,TOT,Chile,CHL,300
Syrian Arab Republic,SYR,Total,TOT,China,CHN,100
Syrian Arab Republic,SYR,Total,TOT,Colombia,COL,131
Syrian Arab Republic,SYR,Total,TOT,Comoros,COM,0
Syrian Arab Republic,SYR,Total,TOT,"Congo, Dem. Rep.",COD,569
Syrian Arab Republic,SYR,Total,TOT,"Congo, Rep.",COG,4
Syrian Arab Republic,SYR,Total,TOT,Cook Islands,COK,0
Syrian Arab Republic,SYR,Total,TOT,Costa Rica,CRI,8
Syrian Arab Republic,SYR,Total,TOT,Cote d'Ivoire,CIV,8
Syrian Arab Republic,SYR,Total,TOT,Croatia,HRV,23
Syrian Arab Republic,SYR,Total,TOT,Cuba,CUB,7
Syrian Arab Republic,SYR,Total,TOT,Cyprus,CYP,1481
Syrian Arab Republic,SYR,Total,TOT,Czech Republic,CZE,441
Syrian Arab Republic,SYR,Total,TOT,Denmark,DNK,1328
Syrian Arab Republic,SYR,Total,TOT,Djibouti,DJI,3
Syrian Arab Republic,SYR,Total,TOT,Dominica,DMA,9
Syrian Arab Republic,SYR,Total,TOT,Dominican Republic,DOM,92
Syrian Arab Republic,SYR,Total,TOT,Ecuador,ECU,58
Syrian Arab Republic,SYR,Total,TOT,"Egypt, Arab Rep.",EGY,5534
Syrian Arab Republic,SYR,Total,TOT,El Salvador,SLV,0
Syrian Arab Republic,SYR,Total,TOT,Equatorial Guinea,GNQ,2
Syrian Arab Republic,SYR,Total,TOT,Eritrea,ERI,0
Syrian Arab Republic,SYR,Total,TOT,Estonia,EST,2
Syrian Arab Republic,SYR,Total,TOT,Ethiopia,ETH,32
Syrian Arab Republic,SYR,Total,TOT,Faeroe Islands,FRO,2
Syrian Arab Republic,SYR,Total,TOT,Falkland Islands (Malvinas),FLK,0
Syrian Arab Republic,SYR,Total,TOT,Fiji,FJI,10
Syrian Arab Republic,SYR,Total,TOT,Finland,FIN,183
Syrian Arab Republic,SYR,Total,TOT,France,FRA,5550
Syrian Arab Republic,SYR,Total,TOT,French Guiana,GUF,69
Syrian Arab Republic,SYR,Total,TOT,French Polynesia,PYF,1
Syrian Arab Republic,SYR,Total,TOT,Gabon,GAB,14
Syrian Arab Republic,SYR,Total,TOT,"Gambia, The",GMB,21
Syrian Arab Republic,SYR,Total,TOT,Georgia,GEO,0
Syrian Arab Republic,SYR,Total,TOT,Germany,DEU,26114
Syrian Arab Republic,SYR,Total,TOT,Ghana,GHA,131
Syrian Arab Republic,SYR,Total,TOT,Gibraltar,GIB,0
Syrian Arab Republic,SYR,Total,TOT,Greece,GRC,5334
Syrian Arab Republic,SYR,Total,TOT,Greenland,GRL,0
Syrian Arab Republic,SYR,Total,TOT,Grenada,GRD,3
Syrian Arab Republic,SYR,Total,TOT,Guadeloupe,GLP,670
Syrian Arab Republic,SYR,Total,TOT,Guam,GUM,9
Syrian Arab Republic,SYR,Total,TOT,Guatemala,GTM,48
Syrian Arab Republic,SYR,Total,TOT,Guinea,GIN,19
Syrian Arab Republic,SYR,Total,TOT,Guinea-Bissau,GNB,0
Syrian Arab Republic,SYR,Total,TOT,Guyana,GUY,8
Syrian Arab Republic,SYR,Total,TOT,Haiti,HTI,4
Syrian Arab Republic,SYR,Total,TOT,Honduras,HND,3
Syrian Arab Republic,SYR,Total,TOT,"Hong Kong SAR, China",HKG,1039
Syrian Arab Republic,SYR,Total,TOT,Hungary,HUN,1466
Syrian Arab Republic,SYR,Total,TOT,Iceland,ISL,14
Syrian Arab Republic,SYR,Total,TOT,India,IND,3
Syrian Arab Republic,SYR,Total,TOT,Indonesia,IDN,65
Syrian Arab Republic,SYR,Total,TOT,"Iran, Islamic Rep.",IRN,329
Syrian Arab Republic,SYR,Total,TOT,Iraq,IRQ,1164
Syrian Arab Republic,SYR,Total,TOT,Ireland,IRL,153
Syrian Arab Republic,SYR,Total,TOT,Isle of Man,IMN,..
Syrian Arab Republic,SYR,Total,TOT,Israel,ISR,3859
Syrian Arab Republic,SYR,Total,TOT,Italy,ITA,3411
Syrian Arab Republic,SYR,Total,TOT,Jamaica,JAM,13
Syrian Arab Republic,SYR,Total,TOT,Japan,JPN,135
Syrian Arab Republic,SYR,Total,TOT,Jordan,JOR,34663
Syrian Arab Republic,SYR,Total,TOT,Kazakhstan,KAZ,0
Syrian Arab Republic,SYR,Total,TOT,Kenya,KEN,7
Syrian Arab Republic,SYR,Total,TOT,Kiribati,KIR,0
Syrian Arab Republic,SYR,Total,TOT,"Korea, Dem. Rep.",PRK,9
Syrian Arab Republic,SYR,Total,TOT,"Korea, Rep.",KOR,0
Syrian Arab Republic,SYR,Total,TOT,Kosovo,XKX,..
Syrian Arab Republic,SYR,Total,TOT,Kuwait,KWT,101634
Syrian Arab Republic,SYR,Total,TOT,Kyrgyz Republic,KGZ,90
Syrian Arab Republic,SYR,Total,TOT,Lao PDR,LAO,0
Syrian Arab Republic,SYR,Total,TOT,Latvia,LVA,16
Syrian Arab Republic,SYR,Total,TOT,Lebanon,LBN,5325
Syrian Arab Republic,SYR,Total,TOT,Lesotho,LSO,0
Syrian Arab Republic,SYR,Total,TOT,Liberia,LBR,6
Syrian Arab Republic,SYR,Total,TOT,Libya,LBY,26914
Syrian Arab Republic,SYR,Total,TOT,Liechtenstein,LIE,4
Syrian Arab Republic,SYR,Total,TOT,Lithuania,LTU,8
Syrian Arab Republic,SYR,Total,TOT,Luxembourg,LUX,33
Syrian Arab Republic,SYR,Total,TOT,"Macao SAR, China",MAC,8
Syrian Arab Republic,SYR,Total,TOT,"Macedonia, FYR",MKD,53
Syrian Arab Republic,SYR,Total,TOT,Madagascar,MDG,5
Syrian Arab Republic,SYR,Total,TOT,Malawi,MWI,0
Syrian Arab Republic,SYR,Total,TOT,Malaysia,MYS,179
Syrian Arab Republic,SYR,Total,TOT,Maldives,MDV,0
Syrian Arab Republic,SYR,Total,TOT,Mali,MLI,0
Syrian Arab Republic,SYR,Total,TOT,Malta,MLT,57
Syrian Arab Republic,SYR,Total,TOT,Marshall Islands,MHL,0
Syrian Arab Republic,SYR,Total,TOT,Martinique,MTQ,312
Syrian Arab Republic,SYR,Total,TOT,Mauritania,MRT,149
Syrian Arab Republic,SYR,Total,TOT,Mauritius,MUS,2
Syrian Arab Republic,SYR,Total,TOT,Mayotte,MYT,0
Syrian Arab Republic,SYR,Total,TOT,Mexico,MEX,325
Syrian Arab Republic,SYR,Total,TOT,"Micronesia, Fed. Sts.",FSM,0
Syrian Arab Republic,SYR,Total,TOT,Moldova,MDA,0
Syrian Arab Republic,SYR,Total,TOT,Monaco,MCO,16
Syrian Arab Republic,SYR,Total,TOT,Mongolia,MNG,0
Syrian Arab Republic,SYR,Total,TOT,Montenegro,MNE,..
Syrian Arab Republic,SYR,Total,TOT,Montserrat,MSR,0
Syrian Arab Republic,SYR,Total,TOT,Morocco,MAR,49
Syrian Arab Republic,SYR,Total,TOT,Mozambique,MOZ,3
Syrian Arab Republic,SYR,Total,TOT,Myanmar,MMR,1
Syrian Arab Republic,SYR,Total,TOT,Namibia,NAM,0
Syrian Arab Republic,SYR,Total,TOT,Naura,NRU,0
Syrian Arab Republic,SYR,Total,TOT,Nepal,NPL,101
Syrian Arab Republic,SYR,Total,TOT,Netherlands,NLD,5662
Syrian Arab Republic,SYR,Total,TOT,Netherlands Antilles,ANT,36
Syrian Arab Republic,SYR,Total,TOT,New Caledonia,NCL,3
Syrian Arab Republic,SYR,Total,TOT,New Zealand,NZL,239
Syrian Arab Republic,SYR,Total,TOT,Nicaragua,NIC,3
Syrian Arab Republic,SYR,Total,TOT,Niger,NER,32
Syrian Arab Republic,SYR,Total,TOT,Nigeria,NGA,580
Syrian Arab Republic,SYR,Total,TOT,Niue,NIU,0
Syrian Arab Republic,SYR,Total,TOT,Norfolk Island,NFK,0
Syrian Arab Republic,SYR,Total,TOT,Northern Mariana Islands,MNP,10
Syrian Arab Republic,SYR,Total,TOT,Norway,NOR,594
Syrian Arab Republic,SYR,Total,TOT,Oman,OMN,1691
Syrian Arab Republic,SYR,Total,TOT,Pakistan,PAK,41
Syrian Arab Republic,SYR,Total,TOT,Palau,PLW,2
Syrian Arab Republic,SYR,Total,TOT,Panama,PAN,168
Syrian Arab Republic,SYR,Total,TOT,Papua New Guinea,PNG,1
Syrian Arab Republic,SYR,Total,TOT,Paraguay,PRY,43
Syrian Arab Republic,SYR,Total,TOT,Peru,PER,31
Syrian Arab Republic,SYR,Total,TOT,Philippines,PHL,8
Syrian Arab Republic,SYR,Total,TOT,Poland,POL,608
Syrian Arab Republic,SYR,Total,TOT,Portugal,PRT,0
Syrian Arab Republic,SYR,Total,TOT,Puerto Rico,PRI,134
Syrian Arab Republic,SYR,Total,TOT,Qatar,QAT,7958
Syrian Arab Republic,SYR,Total,TOT,Reunion,REU,0
Syrian Arab Republic,SYR,Total,TOT,Romania,ROU,7352
Syrian Arab Republic,SYR,Total,TOT,Russian Federation,RUS,676
Syrian Arab Republic,SYR,Total,TOT,Rwanda,RWA,55
Syrian Arab Republic,SYR,Total,TOT,Saint Helena,SHN,0
Syrian Arab Republic,SYR,Total,TOT,Saint Pierre and Miquelon,SPM,1
Syrian Arab Republic,SYR,Total,TOT,Samoa,WSM,0
Syrian Arab Republic,SYR,Total,TOT,San Marino,SMR,0
Syrian Arab Republic,SYR,Total,TOT,Sao Tome and Principe,STP,0
Syrian Arab Republic,SYR,Total,TOT,Saudi Arabia,SAU,105266
Syrian Arab Republic,SYR,Total,TOT,Senegal,SEN,9
Syrian Arab Republic,SYR,Total,TOT,Serbia,SRB,..
Syrian Arab Republic,SYR,Total,TOT,Serbia and Montenegro,SCG,10
Syrian Arab Republic,SYR,Total,TOT,Seychelles,SYC,0
Syrian Arab Republic,SYR,Total,TOT,Sierra Leone,SLE,0
Syrian Arab Republic,SYR,Total,TOT,Singapore,SGP,314
Syrian Arab Republic,SYR,Total,TOT,Slovak Republic,SVK,106
Syrian Arab Republic,SYR,Total,TOT,Slovenia,SVN,25
Syrian Arab Republic,SYR,Total,TOT,Solomon Islands,SLB,0
Syrian Arab Republic,SYR,Total,TOT,Somalia,SOM,0
Syrian Arab Republic,SYR,Total,TOT,South Africa,ZAF,50
Syrian Arab Republic,SYR,Total,TOT,Spain,ESP,2720
Syrian Arab Republic,SYR,Total,TOT,Sri Lanka,LKA,0
Syrian Arab Republic,SYR,Total,TOT,St. Kitts and Nevis,KNA,2
Syrian Arab Republic,SYR,Total,TOT,St. Lucia,LCA,15
Syrian Arab Republic,SYR,Total,TOT,St. Vincent and the Grenadines,VCT,13
Syrian Arab Republic,SYR,Total,TOT,Sudan,SDN,94
Syrian Arab Republic,SYR,Total,TOT,Suriname,SUR,0
Syrian Arab Republic,SYR,Total,TOT,Swaziland,SWZ,0
Syrian Arab Republic,SYR,Total,TOT,Sweden,SWE,14005
Syrian Arab Republic,SYR,Total,TOT,Switzerland,CHE,1090
Syrian Arab Republic,SYR,Total,TOT,Syrian Arab Republic,SYR,0
Syrian Arab Republic,SYR,Total,TOT,"Taiwan, China",TWN,0
Syrian Arab Republic,SYR,Total,TOT,Tajikistan,TJK,0
Syrian Arab Republic,SYR,Total,TOT,Tanzania,TZA,39
Syrian Arab Republic,SYR,Total,TOT,Thailand,THA,148
Syrian Arab Republic,SYR,Total,TOT,Timor-Leste,TLS,0
Syrian Arab Republic,SYR,Total,TOT,Togo,TGO,168
Syrian Arab Republic,SYR,Total,TOT,Tokelau,TKL,0
Syrian Arab Republic,SYR,Total,TOT,Tonga,TON,2
Syrian Arab Republic,SYR,Total,TOT,Trinidad and Tobago,TTO,10
Syrian Arab Republic,SYR,Total,TOT,Tunisia,TUN,7
Syrian Arab Republic,SYR,Total,TOT,Turkey,TUR,5418
Syrian Arab Republic,SYR,Total,TOT,Turkmenistan,TKM,0
Syrian Arab Republic,SYR,Total,TOT,Turks and Caicos Islands,TCA,1
Syrian Arab Republic,SYR,Total,TOT,Tuvalu,TUV,0
Syrian Arab Republic,SYR,Total,TOT,Uganda,UGA,5
Syrian Arab Republic,SYR,Total,TOT,Ukraine,UKR,328
Syrian Arab Republic,SYR,Total,TOT,United Arab Emirates,ARE,42573
Syrian Arab Republic,SYR,Total,TOT,United Kingdom,GBR,5646
Syrian Arab Republic,SYR,Total,TOT,United States,USA,55753
Syrian Arab Republic,SYR,Total,TOT,Uruguay,URY,319
Syrian Arab Republic,SYR,Total,TOT,Uzbekistan,UZB,0
Syrian Arab Republic,SYR,Total,TOT,Vanuatu,VUT,0
Syrian Arab Republic,SYR,Total,TOT,"Venezuela, RB",VEN,13379
Syrian Arab Republic,SYR,Total,TOT,Vietnam,VNM,7
Syrian Arab Republic,SYR,Total,TOT,Virgin Islands (U.S.),VIR,23
Syrian Arab Republic,SYR,Total,TOT,"Virgin Islands, British",VGB,1
Syrian Arab Republic,SYR,Total,TOT,Wallis and Futuna,WLF,0
Syrian Arab Republic,SYR,Total,TOT,West Bank and Gaza,PSE,25498
Syrian Arab Republic,SYR,Total,TOT,"Yemen, Rep.",YEM,13467
Syrian Arab Republic,SYR,Total,TOT,Zambia,ZMB,2
Syrian Arab Republic,SYR,Total,TOT,Zimbabwe,ZWE,8
"Venezuela, RB",VEN,Total,TOT,Algeria,DZA,0
"Venezuela, RB",VEN,Total,TOT,Afghanistan,AFG,0
"Venezuela, RB",VEN,Total,TOT,Albania,ALB,0
"Venezuela, RB",VEN,Total,TOT,American Samoa,ASM,0
"Venezuela, RB",VEN,Total,TOT,Andorra,AND,10
"Venezuela, RB",VEN,Total,TOT,Angola,AGO,0
"Venezuela, RB",VEN,Total,TOT,Anguilla,AIA,13
"Venezuela, RB",VEN,Total,TOT,Antigua and Barbuda,ATG,24
"Venezuela, RB",VEN,Total,TOT,Argentina,ARG,3068
"Venezuela, RB",VEN,Total,TOT,Armenia,ARM,0
"Venezuela, RB",VEN,Total,TOT,Aruba,ABW,2859
"Venezuela, RB",VEN,Total,TOT,Australia,AUS,1109
"Venezuela, RB",VEN,Total,TOT,Austria,AUT,299
"Venezuela, RB",VEN,Total,TOT,Azerbaijan,AZE,0
"Venezuela, RB",VEN,Total,TOT,"Bahamas, The",BHS,20
"Venezuela, RB",VEN,Total,TOT,Bahrain,BHR,4
"Venezuela, RB",VEN,Total,TOT,Bangladesh,BGD,0
"Venezuela, RB",VEN,Total,TOT,Barbados,BRB,95
"Venezuela, RB",VEN,Total,TOT,Belarus,BLR,0
"Venezuela, RB",VEN,Total,TOT,Belgium,BEL,428
"Venezuela, RB",VEN,Total,TOT,Belize,BLZ,7
"Venezuela, RB",VEN,Total,TOT,Benin,BEN,0
"Venezuela, RB",VEN,Total,TOT,Bermuda,BMU,16
"Venezuela, RB",VEN,Total,TOT,Bhutan,BTN,0
"Venezuela, RB",VEN,Total,TOT,Bolivia,BOL,492
"Venezuela, RB",VEN,Total,TOT,Bosnia and Herzegovina,BIH,9
"Venezuela, RB",VEN,Total,TOT,Botswana,BWA,1
"Venezuela, RB",VEN,Total,TOT,Brazil,BRA,2162
"Venezuela, RB",VEN,Total,TOT,Brunei Darussalam,BRN,0
"Venezuela, RB",VEN,Total,TOT,Bulgaria,BGR,5
"Venezuela, RB",VEN,Total,TOT,Burkina Faso,BFA,0
"Venezuela, RB",VEN,Total,TOT,Burundi,BDI,0
"Venezuela, RB",VEN,Total,TOT,Cambodia,KHM,1
"Venezuela, RB",VEN,Total,TOT,Cameroon,CMR,2
"Venezuela, RB",VEN,Total,TOT,Canada,CAN,7987
"Venezuela, RB",VEN,Total,TOT,Cape Verde,CPV,0
"Venezuela, RB",VEN,Total,TOT,Cayman Islands,CYM,89
"Venezuela, RB",VEN,Total,TOT,Central African Republic,CAF,0
"Venezuela, RB",VEN,Total,TOT,Chad,TCD,2
"Venezuela, RB",VEN,Total,TOT,Channel Islands,CHI,..
"Venezuela, RB",VEN,Total,TOT,Chile,CHL,4034
"Venezuela, RB",VEN,Total,TOT,China,CHN,0
"Venezuela, RB",VEN,Total,TOT,Colombia,COL,37169
"Venezuela, RB",VEN,Total,TOT,Comoros,COM,0
"Venezuela, RB",VEN,Total,TOT,"Congo, Dem. Rep.",COD,6
"Venezuela, RB",VEN,Total,TOT,"Congo, Rep.",COG,0
"Venezuela, RB",VEN,Total,TOT,Cook Islands,COK,0
"Venezuela, RB",VEN,Total,TOT,Costa Rica,CRI,1038
"Venezuela, RB",VEN,Total,TOT,Cote d'Ivoire,CIV,0
"Venezuela, RB",VEN,Total,TOT,Croatia,HRV,25
"Venezuela, RB",VEN,Total,TOT,Cuba,CUB,210
"Venezuela, RB",VEN,Total,TOT,Cyprus,CYP,29
"Venezuela, RB",VEN,Total,TOT,Czech Republic,CZE,46
"Venezuela, RB",VEN,Total,TOT,Denmark,DNK,412
"Venezuela, RB",VEN,Total,TOT,Djibouti,DJI,0
"Venezuela, RB",VEN,Total,TOT,Dominica,DMA,18
"Venezuela, RB",VEN,Total,TOT,Dominican Republic,DOM,17358
"Venezuela, RB",VEN,Total,TOT,Ecuador,ECU,3448
"Venezuela, RB",VEN,Total,TOT,"Egypt, Arab Rep.",EGY,0
"Venezuela, RB",VEN,Total,TOT,El Salvador,SLV,182
"Venezuela, RB",VEN,Total,TOT,Equatorial Guinea,GNQ,0
"Venezuela, RB",VEN,Total,TOT,Eritrea,ERI,0
"Venezuela, RB",VEN,Total,TOT,Estonia,EST,0
"Venezuela, RB",VEN,Total,TOT,Ethiopia,ETH,0
"Venezuela, RB",VEN,Total,TOT,Faeroe Islands,FRO,2
"Venezuela, RB",VEN,Total,TOT,Falkland Islands (Malvinas),FLK,0
"Venezuela, RB",VEN,Total,TOT,Fiji,FJI,0
"Venezuela, RB",VEN,Total,TOT,Finland,FIN,73
"Venezuela, RB",VEN,Total,TOT,France,FRA,14978
"Venezuela, RB",VEN,Total,TOT,French Guiana,GUF,69
"Venezuela, RB",VEN,Total,TOT,French Polynesia,PYF,3
"Venezuela, RB",VEN,Total,TOT,Gabon,GAB,1
"Venezuela, RB",VEN,Total,TOT,"Gambia, The",GMB,0
"Venezuela, RB",VEN,Total,TOT,Georgia,GEO,0
"Venezuela, RB",VEN,Total,TOT,Germany,DEU,4980
"Venezuela, RB",VEN,Total,TOT,Ghana,GHA,0
"Venezuela, RB",VEN,Total,TOT,Gibraltar,GIB,5
"Venezuela, RB",VEN,Total,TOT,Greece,GRC,205
"Venezuela, RB",VEN,Total,TOT,Greenland,GRL,0
"Venezuela, RB",VEN,Total,TOT,Grenada,GRD,39
"Venezuela, RB",VEN,Total,TOT,Guadeloupe,GLP,35
"Venezuela, RB",VEN,Total,TOT,Guam,GUM,0
"Venezuela, RB",VEN,Total,TOT,Guatemala,GTM,173
"Venezuela, RB",VEN,Total,TOT,Guinea,GIN,0
"Venezuela, RB",VEN,Total,TOT,Guinea-Bissau,GNB,0
"Venezuela, RB",VEN,Total,TOT,Guyana,GUY,1025
"Venezuela, RB",VEN,Total,TOT,Haiti,HTI,55
"Venezuela, RB",VEN,Total,TOT,Honduras,HND,72
"Venezuela, RB",VEN,Total,TOT,"Hong Kong SAR, China",HKG,1
"Venezuela, RB",VEN,Total,TOT,Hungary,HUN,85
"Venezuela, RB",VEN,Total,TOT,Iceland,ISL,12
"Venezuela, RB",VEN,Total,TOT,India,IND,0
"Venezuela, RB",VEN,Total,TOT,Indonesia,IDN,2
"Venezuela, RB",VEN,Total,TOT,"Iran, Islamic Rep.",IRN,0
"Venezuela, RB",VEN,Total,TOT,Iraq,IRQ,0
"Venezuela, RB",VEN,Total,TOT,Ireland,IRL,109
"Venezuela, RB",VEN,Total,TOT,Isle of Man,IMN,..
"Venezuela, RB",VEN,Total,TOT,Israel,ISR,1688
"Venezuela, RB",VEN,Total,TOT,Italy,ITA,8776
"Venezuela, RB",VEN,Total,TOT,Jamaica,JAM,181
"Venezuela, RB",VEN,Total,TOT,Japan,JPN,0
"Venezuela, RB",VEN,Total,TOT,Jordan,JOR,31
"Venezuela, RB",VEN,Total,TOT,Kazakhstan,KAZ,0
"Venezuela, RB",VEN,Total,TOT,Kenya,KEN,0
"Venezuela, RB",VEN,Total,TOT,Kiribati,KIR,0
"Venezuela, RB",VEN,Total,TOT,"Korea, Dem. Rep.",PRK,0
"Venezuela, RB",VEN,Total,TOT,"Korea, Rep.",KOR,0
"Venezuela, RB",VEN,Total,TOT,Kosovo,XKX,..
"Venezuela, RB",VEN,Total,TOT,Kuwait,KWT,9
"Venezuela, RB",VEN,Total,TOT,Kyrgyz Republic,KGZ,39
"Venezuela, RB",VEN,Total,TOT,Lao PDR,LAO,0
"Venezuela, RB",VEN,Total,TOT,Latvia,LVA,5
"Venezuela, RB",VEN,Total,TOT,Lebanon,LBN,43
"Venezuela, RB",VEN,Total,TOT,Lesotho,LSO,0
"Venezuela, RB",VEN,Total,TOT,Liberia,LBR,0
"Venezuela, RB",VEN,Total,TOT,Libya,LBY,0
"Venezuela, RB",VEN,Total,TOT,Liechtenstein,LIE,8
"Venezuela, RB",VEN,Total,TOT,Lithuania,LTU,3
"Venezuela, RB",VEN,Total,TOT,Luxembourg,LUX,97
"Venezuela, RB",VEN,Total,TOT,"Macao SAR, China",MAC,0
"Venezuela, RB",VEN,Total,TOT,"Macedonia, FYR",MKD,134
"Venezuela, RB",VEN,Total,TOT,Madagascar,MDG,1
"Venezuela, RB",VEN,Total,TOT,Malawi,MWI,0
"Venezuela, RB",VEN,Total,TOT,Malaysia,MYS,25
"Venezuela, RB",VEN,Total,TOT,Maldives,MDV,0
"Venezuela, RB",VEN,Total,TOT,Mali,MLI,0
"Venezuela, RB",VEN,Total,TOT,Malta,MLT,1
"Venezuela, RB",VEN,Total,TOT,Marshall Islands,MHL,0
"Venezuela, RB",VEN,Total,TOT,Martinique,MTQ,235
"Venezuela, RB",VEN,Total,TOT,Mauritania,MRT,0
"Venezuela, RB",VEN,Total,TOT,Mauritius,MUS,0
"Venezuela, RB",VEN,Total,TOT,Mayotte,MYT,0
"Venezuela, RB",VEN,Total,TOT,Mexico,MEX,2845
"Venezuela, RB",VEN,Total,TOT,"Micronesia, Fed. Sts.",FSM,0
"Venezuela, RB",VEN,Total,TOT,Moldova,MDA,0
"Venezuela, RB",VEN,Total,TOT,Monaco,MCO,43
"Venezuela, RB",VEN,Total,TOT,Mongolia,MNG,0
"Venezuela, RB",VEN,Total,TOT,Montenegro,MNE,..
"Venezuela, RB",VEN,Total,TOT,Montserrat,MSR,1
"Venezuela, RB",VEN,Total,TOT,Morocco,MAR,0
"Venezuela, RB",VEN,Total,TOT,Mozambique,MOZ,8
"Venezuela, RB",VEN,Total,TOT,Myanmar,MMR,0
"Venezuela, RB",VEN,Total,TOT,Namibia,NAM,2
"Venezuela, RB",VEN,Total,TOT,Naura,NRU,0
"Venezuela, RB",VEN,Total,TOT,Nepal,NPL,0
"Venezuela, RB",VEN,Total,TOT,Netherlands,NLD,2400
"Venezuela, RB",VEN,Total,TOT,Netherlands Antilles,ANT,1509
"Venezuela, RB",VEN,Total,TOT,New Caledonia,NCL,0
"Venezuela, RB",VEN,Total,TOT,New Zealand,NZL,100
"Venezuela, RB",VEN,Total,TOT,Nicaragua,NIC,134
"Venezuela, RB",VEN,Total,TOT,Niger,NER,0
"Venezuela, RB",VEN,Total,TOT,Nigeria,NGA,30
"Venezuela, RB",VEN,Total,TOT,Niue,NIU,0
"Venezuela, RB",VEN,Total,TOT,Norfolk Island,NFK,0
"Venezuela, RB",VEN,Total,TOT,Northern Mariana Islands,MNP,0
"Venezuela, RB",VEN,Total,TOT,Norway,NOR,182
"Venezuela, RB",VEN,Total,TOT,Oman,OMN,5
"Venezuela, RB",VEN,Total,TOT,Pakistan,PAK,0
"Venezuela, RB",VEN,Total,TOT,Palau,PLW,0
"Venezuela, RB",VEN,Total,TOT,Panama,PAN,1008
"Venezuela, RB",VEN,Total,TOT,Papua New Guinea,PNG,0
"Venezuela, RB",VEN,Total,TOT,Paraguay,PRY,146
"Venezuela, RB",VEN,Total,TOT,Peru,PER,1279
"Venezuela, RB",VEN,Total,TOT,Philippines,PHL,4
"Venezuela, RB",VEN,Total,TOT,Poland,POL,50
"Venezuela, RB",VEN,Total,TOT,Portugal,PRT,21370
"Venezuela, RB",VEN,Total,TOT,Puerto Rico,PRI,1804
"Venezuela, RB",VEN,Total,TOT,Qatar,QAT,64
"Venezuela, RB",VEN,Total,TOT,Reunion,REU,0
"Venezuela, RB",VEN,Total,TOT,Romania,ROU,0
"Venezuela, RB",VEN,Total,TOT,Russian Federation,RUS,5
"Venezuela, RB",VEN,Total,TOT,Rwanda,RWA,0
"Venezuela, RB",VEN,Total,TOT,Saint Helena,SHN,0
"Venezuela, RB",VEN,Total,TOT,Saint Pierre and Miquelon,SPM,0
"Venezuela, RB",VEN,Total,TOT,Samoa,WSM,0
"Venezuela, RB",VEN,Total,TOT,San Marino,SMR,0
"Venezuela, RB",VEN,Total,TOT,Sao Tome and Principe,STP,0
"Venezuela, RB",VEN,Total,TOT,Saudi Arabia,SAU,2
"Venezuela, RB",VEN,Total,TOT,Senegal,SEN,3
"Venezuela, RB",VEN,Total,TOT,Serbia,SRB,..
"Venezuela, RB",VEN,Total,TOT,Serbia and Montenegro,SCG,172
"Venezuela, RB",VEN,Total,TOT,Seychelles,SYC,3
"Venezuela, RB",VEN,Total,TOT,Sierra Leone,SLE,0
"Venezuela, RB",VEN,Total,TOT,Singapore,SGP,14
"Venezuela, RB",VEN,Total,TOT,Slovak Republic,SVK,2
"Venezuela, RB",VEN,Total,TOT,Slovenia,SVN,10
"Venezuela, RB",VEN,Total,TOT,Solomon Islands,SLB,0
"Venezuela, RB",VEN,Total,TOT,Somalia,SOM,0
"Venezuela, RB",VEN,Total,TOT,South Africa,ZAF,128
"Venezuela, RB",VEN,Total,TOT,Spain,ESP,54198
"Venezuela, RB",VEN,Total,TOT,Sri Lanka,LKA,0
"Venezuela, RB",VEN,Total,TOT,St. Kitts and Nevis,KNA,7
"Venezuela, RB",VEN,Total,TOT,St. Lucia,LCA,17
"Venezuela, RB",VEN,Total,TOT,St. Vincent and the Grenadines,VCT,22
"Venezuela, RB",VEN,Total,TOT,Sudan,SDN,8
"Venezuela, RB",VEN,Total,TOT,Suriname,SUR,3
"Venezuela, RB",VEN,Total,TOT,Swaziland,SWZ,0
"Venezuela, RB",VEN,Total,TOT,Sweden,SWE,444
"Venezuela, RB",VEN,Total,TOT,Switzerland,CHE,821
"Venezuela, RB",VEN,Total,TOT,Syrian Arab Republic,SYR,1
"Venezuela, RB",VEN,Total,TOT,"Taiwan, China",TWN,0
"Venezuela, RB",VEN,Total,TOT,Tajikistan,TJK,0
"Venezuela, RB",VEN,Total,TOT,Tanzania,TZA,3
"Venezuela, RB",VEN,Total,TOT,Thailand,THA,60
"Venezuela, RB",VEN,Total,TOT,Timor-Leste,TLS,0
"Venezuela, RB",VEN,Total,TOT,Togo,TGO,4
"Venezuela, RB",VEN,Total,TOT,Tokelau,TKL,0
"Venezuela, RB",VEN,Total,TOT,Tonga,TON,0
"Venezuela, RB",VEN,Total,TOT,Trinidad and Tobago,TTO,1437
"Venezuela, RB",VEN,Total,TOT,Tunisia,TUN,0
"Venezuela, RB",VEN,Total,TOT,Turkey,TUR,40
"Venezuela, RB",VEN,Total,TOT,Turkmenistan,TKM,0
"Venezuela, RB",VEN,Total,TOT,Turks and Caicos Islands,TCA,14
"Venezuela, RB",VEN,Total,TOT,Tuvalu,TUV,0
"Venezuela, RB",VEN,Total,TOT,Uganda,UGA,0
"Venezuela, RB",VEN,Total,TOT,Ukraine,UKR,2
"Venezuela, RB",VEN,Total,TOT,United Arab Emirates,ARE,19
"Venezuela, RB",VEN,Total,TOT,United Kingdom,GBR,8372
"Venezuela, RB",VEN,Total,TOT,United States,USA,118195
"Venezuela, RB",VEN,Total,TOT,Uruguay,URY,706
"Venezuela, RB",VEN,Total,TOT,Uzbekistan,UZB,0
"Venezuela, RB",VEN,Total,TOT,Vanuatu,VUT,0
"Venezuela, RB",VEN,Total,TOT,"Venezuela, RB",VEN,0
"Venezuela, RB",VEN,Total,TOT,Vietnam,VNM,1
"Venezuela, RB",VEN,Total,TOT,Virgin Islands (U.S.),VIR,57
"Venezuela, RB",VEN,Total,TOT,"Virgin Islands, British",VGB,5
"Venezuela, RB",VEN,Total,TOT,Wallis and Futuna,WLF,0
"Venezuela, RB",VEN,Total,TOT,West Bank and Gaza,PSE,8
"Venezuela, RB",VEN,Total,TOT,"Yemen, Rep.",YEM,3
"Venezuela, RB",VEN,Total,TOT,Zambia,ZMB,0
"Venezuela, RB",VEN,Total,TOT,Zimbabwe,ZWE,0
Nigeria,NGA,Total,TOT,Algeria,DZA,0
Nigeria,NGA,Total,TOT,Afghanistan,AFG,68
Nigeria,NGA,Total,TOT,Albania,ALB,0
Nigeria,NGA,Total,TOT,American Samoa,ASM,0
Nigeria,NGA,Total,TOT,Andorra,AND,7
Nigeria,NGA,Total,TOT,Angola,AGO,6
Nigeria,NGA,Total,TOT,Anguilla,AIA,0
Nigeria,NGA,Total,TOT,Antigua and Barbuda,ATG,24
Nigeria,NGA,Total,TOT,Argentina,ARG,0
Nigeria,NGA,Total,TOT,Armenia,ARM,0
Nigeria,NGA,Total,TOT,Aruba,ABW,0
Nigeria,NGA,Total,TOT,Australia,AUS,1735
Nigeria,NGA,Total,TOT,Austria,AUT,3193
Nigeria,NGA,Total,TOT,Azerbaijan,AZE,0
Nigeria,NGA,Total,TOT,"Bahamas, The",BHS,36
Nigeria,NGA,Total,TOT,Bahrain,BHR,20
Nigeria,NGA,Total,TOT,Bangladesh,BGD,123
Nigeria,NGA,Total,TOT,Barbados,BRB,4
Nigeria,NGA,Total,TOT,Belarus,BLR,0
Nigeria,NGA,Total,TOT,Belgium,BEL,1001
Nigeria,NGA,Total,TOT,Belize,BLZ,67
Nigeria,NGA,Total,TOT,Benin,BEN,26569
Nigeria,NGA,Total,TOT,Bermuda,BMU,28
Nigeria,NGA,Total,TOT,Bhutan,BTN,0
Nigeria,NGA,Total,TOT,Bolivia,BOL,11
Nigeria,NGA,Total,TOT,Bosnia and Herzegovina,BIH,12
Nigeria,NGA,Total,TOT,Botswana,BWA,442
Nigeria,NGA,Total,TOT,Brazil,BRA,107
Nigeria,NGA,Total,TOT,Brunei Darussalam,BRN,0
Nigeria,NGA,Total,TOT,Bulgaria,BGR,110
Nigeria,NGA,Total,TOT,Burkina Faso,BFA,4358
Nigeria,NGA,Total,TOT,Burundi,BDI,302
Nigeria,NGA,Total,TOT,Cambodia,KHM,2
Nigeria,NGA,Total,TOT,Cameroon,CMR,72187
Nigeria,NGA,Total,TOT,Canada,CAN,10348
Nigeria,NGA,Total,TOT,Cape Verde,CPV,36
Nigeria,NGA,Total,TOT,Cayman Islands,CYM,4
Nigeria,NGA,Total,TOT,Central African Republic,CAF,335
Nigeria,NGA,Total,TOT,Chad,TCD,16799
Nigeria,NGA,Total,TOT,Channel Islands,CHI,..
Nigeria,NGA,Total,TOT,Chile,CHL,20
Nigeria,NGA,Total,TOT,China,CHN,101
Nigeria,NGA,Total,TOT,Colombia,COL,37
Nigeria,NGA,Total,TOT,Comoros,COM,10
Nigeria,NGA,Total,TOT,"Congo, Dem. Rep.",COD,14547
Nigeria,NGA,Total,TOT,"Congo, Rep.",COG,29
Nigeria,NGA,Total,TOT,Cook Islands,COK,0
Nigeria,NGA,Total,TOT,Costa Rica,CRI,2
Nigeria,NGA,Total,TOT,Cote d'Ivoire,CIV,40975
Nigeria,NGA,Total,TOT,Croatia,HRV,1
Nigeria,NGA,Total,TOT,Cuba,CUB,54
Nigeria,NGA,Total,TOT,Cyprus,CYP,141
Nigeria,NGA,Total,TOT,Czech Republic,CZE,70
Nigeria,NGA,Total,TOT,Denmark,DNK,561
Nigeria,NGA,Total,TOT,Djibouti,DJI,776
Nigeria,NGA,Total,TOT,Dominica,DMA,28
Nigeria,NGA,Total,TOT,Dominican Republic,DOM,52
Nigeria,NGA,Total,TOT,Ecuador,ECU,17
Nigeria,NGA,Total,TOT,"Egypt, Arab Rep.",EGY,601
Nigeria,NGA,Total,TOT,El Salvador,SLV,1
Nigeria,NGA,Total,TOT,Equatorial Guinea,GNQ,609
Nigeria,NGA,Total,TOT,Eritrea,ERI,23
Nigeria,NGA,Total,TOT,Estonia,EST,0
Nigeria,NGA,Total,TOT,Ethiopia,ETH,7796
Nigeria,NGA,Total,TOT,Faeroe Islands,FRO,2
Nigeria,NGA,Total,TOT,Falkland Islands (Malvinas),FLK,0
Nigeria,NGA,Total,TOT,Fiji,FJI,0
Nigeria,NGA,Total,TOT,Finland,FIN,278
Nigeria,NGA,Total,TOT,France,FRA,6567
Nigeria,NGA,Total,TOT,French Guiana,GUF,6
Nigeria,NGA,Total,TOT,French Polynesia,PYF,11
Nigeria,NGA,Total,TOT,Gabon,GAB,11494
Nigeria,NGA,Total,TOT,"Gambia, The",GMB,3014
Nigeria,NGA,Total,TOT,Georgia,GEO,0
Nigeria,NGA,Total,TOT,Germany,DEU,15492
Nigeria,NGA,Total,TOT,Ghana,GHA,9596
Nigeria,NGA,Total,TOT,Gibraltar,GIB,1
Nigeria,NGA,Total,TOT,Greece,GRC,1936
Nigeria,NGA,Total,TOT,Greenland,GRL,0
Nigeria,NGA,Total,TOT,Grenada,GRD,2
Nigeria,NGA,Total,TOT,Guadeloupe,GLP,123
Nigeria,NGA,Total,TOT,Guam,GUM,0
Nigeria,NGA,Total,TOT,Guatemala,GTM,5
Nigeria,NGA,Total,TOT,Guinea,GIN,651
Nigeria,NGA,Total,TOT,Guinea-Bissau,GNB,12
Nigeria,NGA,Total,TOT,Guyana,GUY,0
Nigeria,NGA,Total,TOT,Haiti,HTI,2
Nigeria,NGA,Total,TOT,Honduras,HND,3
Nigeria,NGA,Total,TOT,"Hong Kong SAR, China",HKG,79
Nigeria,NGA,Total,TOT,Hungary,HUN,209
Nigeria,NGA,Total,TOT,Iceland,ISL,33
Nigeria,NGA,Total,TOT,India,IND,6095
Nigeria,NGA,Total,TOT,Indonesia,IDN,11
Nigeria,NGA,Total,TOT,"Iran, Islamic Rep.",IRN,12
Nigeria,NGA,Total,TOT,Iraq,IRQ,0
Nigeria,NGA,Total,TOT,Ireland,IRL,8200
Nigeria,NGA,Total,TOT,Isle of Man,IMN,..
Nigeria,NGA,Total,TOT,Israel,ISR,127
Nigeria,NGA,Total,TOT,Italy,ITA,26868
Nigeria,NGA,Total,TOT,Jamaica,JAM,7
Nigeria,NGA,Total,TOT,Japan,JPN,1404
Nigeria,NGA,Total,TOT,Jordan,JOR,26
Nigeria,NGA,Total,TOT,Kazakhstan,KAZ,0
Nigeria,NGA,Total,TOT,Kenya,KEN,1694
Nigeria,NGA,Total,TOT,Kiribati,KIR,0
Nigeria,NGA,Total,TOT,"Korea, Dem. Rep.",PRK,9
Nigeria,NGA,Total,TOT,"Korea, Rep.",KOR,0
Nigeria,NGA,Total,TOT,Kosovo,XKX,..
Nigeria,NGA,Total,TOT,Kuwait,KWT,21
Nigeria,NGA,Total,TOT,Kyrgyz Republic,KGZ,4
Nigeria,NGA,Total,TOT,Lao PDR,LAO,0
Nigeria,NGA,Total,TOT,Latvia,LVA,4
Nigeria,NGA,Total,TOT,Lebanon,LBN,383
Nigeria,NGA,Total,TOT,Lesotho,LSO,16
Nigeria,NGA,Total,TOT,Liberia,LBR,1615
Nigeria,NGA,Total,TOT,Libya,LBY,17
Nigeria,NGA,Total,TOT,Liechtenstein,LIE,0
Nigeria,NGA,Total,TOT,Lithuania,LTU,4
Nigeria,NGA,Total,TOT,Luxembourg,LUX,23
Nigeria,NGA,Total,TOT,"Macao SAR, China",MAC,0
Nigeria,NGA,Total,TOT,"Macedonia, FYR",MKD,164
Nigeria,NGA,Total,TOT,Madagascar,MDG,71
Nigeria,NGA,Total,TOT,Malawi,MWI,420
Nigeria,NGA,Total,TOT,Malaysia,MYS,25
Nigeria,NGA,Total,TOT,Maldives,MDV,3
Nigeria,NGA,Total,TOT,Mali,MLI,1618
Nigeria,NGA,Total,TOT,Malta,MLT,4
Nigeria,NGA,Total,TOT,Marshall Islands,MHL,0
Nigeria,NGA,Total,TOT,Martinique,MTQ,161
Nigeria,NGA,Total,TOT,Mauritania,MRT,60
Nigeria,NGA,Total,TOT,Mauritius,MUS,2
Nigeria,NGA,Total,TOT,Mayotte,MYT,233
Nigeria,NGA,Total,TOT,Mexico,MEX,38
Nigeria,NGA,Total,TOT,"Micronesia, Fed. Sts.",FSM,0
Nigeria,NGA,Total,TOT,Moldova,MDA,0
Nigeria,NGA,Total,TOT,Monaco,MCO,56
Nigeria,NGA,Total,TOT,Mongolia,MNG,0
Nigeria,NGA,Total,TOT,Montenegro,MNE,..
Nigeria,NGA,Total,TOT,Montserrat,MSR,0
Nigeria,NGA,Total,TOT,Morocco,MAR,0
Nigeria,NGA,Total,TOT,Mozambique,MOZ,178
Nigeria,NGA,Total,TOT,Myanmar,MMR,3
Nigeria,NGA,Total,TOT,Namibia,NAM,10
Nigeria,NGA,Total,TOT,Naura,NRU,0
Nigeria,NGA,Total,TOT,Nepal,NPL,68
Nigeria,NGA,Total,TOT,Netherlands,NLD,4097
Nigeria,NGA,Total,TOT,Netherlands Antilles,ANT,1
Nigeria,NGA,Total,TOT,New Caledonia,NCL,6
Nigeria,NGA,Total,TOT,New Zealand,NZL,356
Nigeria,NGA,Total,TOT,Nicaragua,NIC,10
Nigeria,NGA,Total,TOT,Niger,NER,24758
Nigeria,NGA,Total,TOT,Nigeria,NGA,0
Nigeria,NGA,Total,TOT,Niue,NIU,0
Nigeria,NGA,Total,TOT,Norfolk Island,NFK,0
Nigeria,NGA,Total,TOT,Northern Mariana Islands,MNP,0
Nigeria,NGA,Total,TOT,Norway,NOR,424
Nigeria,NGA,Total,TOT,Oman,OMN,121
Nigeria,NGA,Total,TOT,Pakistan,PAK,359
Nigeria,NGA,Total,TOT,Palau,PLW,0
Nigeria,NGA,Total,TOT,Panama,PAN,17
Nigeria,NGA,Total,TOT,Papua New Guinea,PNG,3
Nigeria,NGA,Total,TOT,Paraguay,PRY,0
Nigeria,NGA,Total,TOT,Peru,PER,7
Nigeria,NGA,Total,TOT,Philippines,PHL,317
Nigeria,NGA,Total,TOT,Poland,POL,211
Nigeria,NGA,Total,TOT,Portugal,PRT,0
Nigeria,NGA,Total,TOT,Puerto Rico,PRI,71
Nigeria,NGA,Total,TOT,Qatar,QAT,573
Nigeria,NGA,Total,TOT,Reunion,REU,51
Nigeria,NGA,Total,TOT,Romania,ROU,0
Nigeria,NGA,Total,TOT,Russian Federation,RUS,0
Nigeria,NGA,Total,TOT,Rwanda,RWA,705
Nigeria,NGA,Total,TOT,Saint Helena,SHN,0
Nigeria,NGA,Total,TOT,Saint Pierre and Miquelon,SPM,2
Nigeria,NGA,Total,TOT,Samoa,WSM,0
Nigeria,NGA,Total,TOT,San Marino,SMR,0
Nigeria,NGA,Total,TOT,Sao Tome and Principe,STP,4
Nigeria,NGA,Total,TOT,Saudi Arabia,SAU,11081
Nigeria,NGA,Total,TOT,Senegal,SEN,875
Nigeria,NGA,Total,TOT,Serbia,SRB,..
Nigeria,NGA,Total,TOT,Serbia and Montenegro,SCG,34
Nigeria,NGA,Total,TOT,Seychelles,SYC,110
Nigeria,NGA,Total,TOT,Sierra Leone,SLE,2000
Nigeria,NGA,Total,TOT,Singapore,SGP,16
Nigeria,NGA,Total,TOT,Slovak Republic,SVK,2
Nigeria,NGA,Total,TOT,Slovenia,SVN,9
Nigeria,NGA,Total,TOT,Solomon Islands,SLB,0
Nigeria,NGA,Total,TOT,Somalia,SOM,44
Nigeria,NGA,Total,TOT,South Africa,ZAF,6959
Nigeria,NGA,Total,TOT,Spain,ESP,7256
Nigeria,NGA,Total,TOT,Sri Lanka,LKA,0
Nigeria,NGA,Total,TOT,St. Kitts and Nevis,KNA,10
Nigeria,NGA,Total,TOT,St. Lucia,LCA,8
Nigeria,NGA,Total,TOT,St. Vincent and the Grenadines,VCT,2
Nigeria,NGA,Total,TOT,Sudan,SDN,22055
Nigeria,NGA,Total,TOT,Suriname,SUR,0
Nigeria,NGA,Total,TOT,Swaziland,SWZ,16
Nigeria,NGA,Total,TOT,Sweden,SWE,693
Nigeria,NGA,Total,TOT,Switzerland,CHE,1389
Nigeria,NGA,Total,TOT,Syrian Arab Republic,SYR,76
Nigeria,NGA,Total,TOT,"Taiwan, China",TWN,5
Nigeria,NGA,Total,TOT,Tajikistan,TJK,0
Nigeria,NGA,Total,TOT,Tanzania,TZA,192
Nigeria,NGA,Total,TOT,Thailand,THA,375
Nigeria,NGA,Total,TOT,Timor-Leste,TLS,0
Nigeria,NGA,Total,TOT,Togo,TGO,18989
Nigeria,NGA,Total,TOT,Tokelau,TKL,0
Nigeria,NGA,Total,TOT,Tonga,TON,0
Nigeria,NGA,Total,TOT,Trinidad and Tobago,TTO,5
Nigeria,NGA,Total,TOT,Tunisia,TUN,12
Nigeria,NGA,Total,TOT,Turkey,TUR,292
Nigeria,NGA,Total,TOT,Turkmenistan,TKM,0
Nigeria,NGA,Total,TOT,Turks and Caicos Islands,TCA,0
Nigeria,NGA,Total,TOT,Tuvalu,TUV,0
Nigeria,NGA,Total,TOT,Uganda,UGA,643
Nigeria,NGA,Total,TOT,Ukraine,UKR,0
Nigeria,NGA,Total,TOT,United Arab Emirates,ARE,796
Nigeria,NGA,Total,TOT,United Kingdom,GBR,106221
Nigeria,NGA,Total,TOT,United States,USA,141571
Nigeria,NGA,Total,TOT,Uruguay,URY,5
Nigeria,NGA,Total,TOT,Uzbekistan,UZB,0
Nigeria,NGA,Total,TOT,Vanuatu,VUT,0
Nigeria,NGA,Total,TOT,"Venezuela, RB",VEN,87
Nigeria,NGA,Total,TOT,Vietnam,VNM,9
Nigeria,NGA,Total,TOT,Virgin Islands (U.S.),VIR,8
Nigeria,NGA,Total,TOT,"Virgin Islands, British",VGB,3
Nigeria,NGA,Total,TOT,Wallis and Futuna,WLF,0
Nigeria,NGA,Total,TOT,West Bank and Gaza,PSE,2
Nigeria,NGA,Total,TOT,"Yemen, Rep.",YEM,7
Nigeria,NGA,Total,TOT,Zambia,ZMB,146
Nigeria,NGA,Total,TOT,Zimbabwe,ZWE,1561
,,,,,,
,,,,,,
,,,,,,
Data from database: Global Bilateral Migration,,,,,,
Last Updated: 06/28/2011,,,,,,
